x,,SORT COLUMN,,"Please share with attribution: ProgressiveMass.com/maleg (190th Session, 2017-2018)",,,,,,,,,,,,,,,,,,,,,,,,,,,,,,,,,,,,,,,,,,,,,,,,,,,,,,,,,,,,,,,,,,,,,,,,,,,,,,,
x,,,,THIS ROW: WHEN THEY GET THEIR BILL NUMBERS: ,,,,,,,,,,,,,,,,,,,,,,,,,,,,,,,,,,,,,,,,,,,,,,,,,,,,,,,,,,,,,,,,,,,,,,,,,,,,,,,
x,,,,,,SH RM,HD 2719 / S.1004,HD 2573 / S.1048,S.81,HD 3249 / S.69,S.223,H.633 / S.681,HD 2714 / S.791,H.741 / S.819,HD 3052 / S.1305,HD.2929/S.777,HD 450 / S.499,HD 2500 / S.373,S.1880,HD 2157 / S.1846,HD 3204 / S.1847,H.741 / S.819,,,,,,PHONE,EMAIL,Twitter,Facebook,"Instagram
(in progress/ incomplete)",Snapchat,Campaign site,Constituent Services Website (in progress; may not be complete),District ,Consisting of ,First Elected,"Leadership Positions
(NOT YET ASSIGNED)",,Committee (NOT YET ASSIGNED) ,Notes,(INTERNAL USE),BARRETT,BONCORE,BRADY,BROWNSBERGER,CHANDLER,CHANG-DIAZ,CREEM,CYR,DEMACEDO,DIDOMENICO,DONNELLY,DONOGHUE,ELDRIDGE,FATTMAN,FLANAGAN,FORRY,GOBI,HINDS,HUMASON,JEHLEN,KEENAN,L'ITALIEN,LESSER,LEWIS,LOVELY,MCGEE,MONTIGNY,MOORE,O'CONNOR,O'CONNOR-IVES,PACHECO,RODRIGUES,ROSENBERG,ROSS,RUSH,SPILKA,TARR,"TIMILTY, W","TIMILTY, J",WELCH
.,,,,,,,$15 minimum wage,Paid family and medical leave,"""Affordable, transit-friendly housing production
""",Medicare for All,An Act modernizing the Foundation Budget for the 21st century ,Debt-free higher ed,"Justice reform & reinvestment (or ""jobs and education, not jails and incarceration"")",Eliminating mandatory minimums,Sanctuary State,Eliminating excessive court fees,Insurance coverage for contraception,Automatic voter registration,Comprehensive climate mitigation & adaptation,Solar power commitment,No subsidizing fossil fuel pipelines,Carbon pricing (ideally with reinvestment),,,,,,,,,,,,,,,,,,,,,,,,,,,,,,,,,,,,,,,,,,,,,,,,,,,,,,,,,,,,,
,,,,,,,Fight for 15,PFML,HOUSING,SINGLE PAYER,FOUNDATION BUDGET,DEBT FREE HIGHER ED,JUSTICE REINVEST,ELIM MAN MAN,SAFE COMMUNITIES,DE CRIMINALIZE POVERTY,ACCESS,AUTO VOTER REG,CLEAN ENERGY JOBS,SOLAR,NO $ for DIRTY PIPELINES,CARBON PRICING,,,,,,,,,,,,,,,,,,,,,,,,,,,,,,,,,,,,,,,,,,,,,,,,,,,,,,,,,,,,,
,SEN,35,no,"Rush, Michael ",(D),511C,N,Y,N,N,N,N,N,N,N,Y,N,N,Y,Y,Y,Y,,,,,,617-722-1348,Mike.Rush@masenate.gov,@SenatorMikeRush,facebook.com/SenatorMikeRush,senatorrush.com,Norfolk and Suffolk,,,Norfolk and Suffolk,"the city of Boston, ward 18, precincts 9, 10, 16 to 20, inclusive, and 23, ward 19, precincts 10 to 13, inclusive, and ward 20 in the county of Suffolk; and the towns of Dover, Dedham, Needham, precincts D to H, inclusive, Norwood and Westwood in the county of Norfolk.",2011,,,,,,,,,,,,,,,,,,,,,,,,,,,,,,,,,,,,,,,,A,,,,,
"Ross, Rush, J. Timilty",HSE,58,✔,"Garlick, Denise ",(D),167,Y,Y,N,Y,N,N,N,N,Y,N,Y,Y,N,Y,Y,Y,,,,,,617-722-2810,Denise.Garlick@mahouse.gov,@denisegarlick,facebook: denise.garlick,,,denisegarlick.com,,Thirteenth Norfolk,"Dover; Medfield: Precincts 1, 2; Needham.",2011,Chair,Jt.,Elder Affairs,,,,,,,,,,,,,,,,,,,,,,,,,,,,,,,,,,,,X,X,,,,X,
"Creem, Rush",HSE,24,,"Coppinger, Edward ",(D),160,N,Y,Y,Y,N,N,N,N,N,Y,Y,Y,Y,Y,Y,Y,,,,,,617-722-2304,Edward.Coppinger@mahouse.gov,@edcoppinger,facebook.com/voteedcoppinger,flickr: staterepedcoppinger,,edcoppinger.com,,Tenth Suffolk,"Boston: Ward 20: Precincts 1, 5, 6, 7, 10, 11, 12, 13, 14, 15, 16, 17, 18, 19, 20; Brookline: Precincts 14, 15, 16 (Norfolk Co.).",2011,Chair,Hse.,Redistricting. ,,,,,,,,,X,,,,,,,,,,,,,,,,,,,,,,,,,,,,X,,,,,
"Chang-Diaz, Rush",HSE,74,,"Holmes, Russell ",(D),254,N,N,N,N,Y,N,Y,N,Y,Y,N,Y,N,N,N,N,,,,,,617-722-2220,Russell.Holmes@mahouse.gov,@VoteRussell,facebook.com/VoteRussellHolmes‎,,,voterussellholmes.com,,Sixth Suffolk,"Boston: Ward 14: Precincts 2, 4, 5, 6, 7, 8, 9, 10, 11, 12, 13, 14, Ward 17: Precincts 6, 7, 8, 9, Ward 18: Precincts 7, 8, Ward 19: Precinct 12.",2011,Vice Chair,Jt.,Housing,,,,,,,,X,,,,,,,,,,X,,,,,,,,,,,,,,,,,,,X,,,,,
"Chang-Diaz, Rush",HSE,98,✔,"Malia, Elizabeth ",(D),33,Y,Y,N,N,Y,N,Y,Y,Y,Y,Y,Y,Y,Y,Y,Y,,,,,,617-722-2060,Liz.Malia@mahouse.gov,@RepLizMalia,facebook.com/lizmalia,,,none,,"Eleventh Suffolk,","Boston: Ward 11, Ward 12: Precincts 7, 9, Ward 14: Precinct 3, Ward 19: Precincts 6, 7, 9, 10, 11, 13.",1999,Chair,Jt.,Mental Health & Substance Abuse,,,,,,,,X,,,,,,,,,,,,,,,,,,,,,,,,,,,,,X,,,,,
Rush,HSE,105,,"McMurtry, Paul ",(D),448,N,N,N,Y,N,N,N,N,N,N,Y,Y,N,N,Y,Y,,,,,,617-722-2582,Paul.McMurtry@mahouse.gov,@RepPaulMcMurtry,facebook.com/PMcMurtry,,,paulmcmurtry.org,,"Eleventh Norfolk,",Dedham; Walpole: Precinct 8; Westwood,2007,Chair,Hse.,Personnel and Administration,,,,,,,,,,,,,,,,,,,,,,,,,,,,,,,,,,,,,X,,,,,
"Brownsberger, Donnelly, Jehlen, Rush",HSE,130,✔,"Rogers, David ",(D),472,Y,Y,N,Y,Y,Y,Y,Y,Y,Y,Y,Y,N,Y,Y,Y,,,,,,617-722-2013,Dave.Rogers@mahouse.gov,@RepDaveRogers,facebook.com/davidrogers4rep,,,rogers4rep.com,,Twenty-Fourth Middlesex,"Arlington: Precincts 2, 4, 8, 10, 12; Belmont; Cambridge: Ward 11: Precincts 1, 3.",2013,Vice Chair,Hse.,Technology and Intergovernmental Affairs,,,,,,X,,,,,,,X,,,,,,,,,X,,,,,,,,,,,,,,,X,,,,,
"Rush, J. Timility",HSE,131,,"Rogers, John ",(D),162,N,N,N,Y,N,N,N,N,N,N,N,N,N,Y,N,N,,,,,,617-722-2092,John.Rogers@mahouse.gov,none,fb: John Rogers for State Representative,,,repjohnrogers.com,,Twelfth Norfolk,"Norwood; Walpole: Precincts 1, 2, 6, 7.",1993,,,,,,,,,,,,,,,,,,,,,,,,,,,,,,,,,,,,,,,,X,,,,X,
"Chang-Diaz, Creem, Rush,",HSE,135,✔,"Sánchez, Jeffrey ",(D),236,N,N,N,N,N,N,N,N,Y,N,Y,Y,N,N,N,N,,,,,,617-722-2430,Jeffrey.sanchez@mahouse.gov,@Jeffrey_Sanchez,facebook.com/repjeffreysanchez,,,jeffreysanchez.org,,Fifteenth Suffolk,"Boston: Ward 10, Ward 19: Precincts 1, 2, 3, 4, 5, 8, Ward 20: Precincts 2, 4; Brookline: Precinct 5 (Norfolk Co.)",2003,Chair,Jt.,Health Care Financing,,,,,,,,X,X,,,,,,,,,,,,,,,,,,,,,,,,,,,,X,,,,,
"Chang-Diaz, Rush",HSE,136,,"Scaccia, Angelo ",(D),33,N,N,N,N,N,N,N,N,N,N,N,N,N,N,N,N,,,,,,617-722-2060,Angelo.Scaccia@mahouse.gov,none,none,,,none,,Fourteenth Suffolk,"Boston: Ward 18: Precincts 9, 10, 11, 12, 13, 14, 15, 16, 17, 18, 19, 20, 22, 23, Ward 20: Precincts 3, 8, 9",1981,Vice Chair,Hse.,Mental Health & Substance Abuse,,,,,,,,X,,,,,,,,,,,,,,,,,,,,,,,,,,,,,X,,,,,
,SEN,34,no,"Ross, Richard ",(R),419,N,N,N,N,N,N,N,N,N,N,N,N,N,N,N,N,,,,,,617-722-1555,Richard.Ross@masenate.gov,@SenRichardJRoss,facebook: Richard Ross,voteross.org,"Norfolk, Bristol and Middlesex",,,"Norfolk, Bristol and Middlesex","Franklin, pcts 1-4, inclusive, and pct 7, Millis, Needham, pcts A-C, inclusive, I, J, Norfolk, Plainville, Wellesley, pcts B, F, G and Wrentham, in Norfolk Cnty; city of Attleboro, ward 1-3, precinct A, and North Attleborough in Bristol Cnty; and Natick, precincts 6, 7, 9 and 10, Sherborn and Wayland in Middlesex cnty.",2010,,,,,,,,,,,,,,,,,,,,,,,,,,,,,,,,,,,,,,,A,,,,,,
"Barrett, Eldridge, Ross, Spilka",HSE,60,✔,"Gentile, Carmine",(D),39,Y,Y,Y,Y,Y,Y,Y,Y,Y,Y,Y,Y,Y,Y,Y,Y,,,,,,617-722-2014,carmine.gentile@mahouse.gov,@CarmineLGentile,facebook.com/carminegentileforstaterep,,,carminegentile.com,,Thirteenth Middlesex,"Framingham: Precinct 3; Marlborough: Ward 1, Ward 2: Precinct 2, Ward 7: Precinct 1; Sudbury; Wayland: Precincts 1, 2, 3.",2014,,,,,,X,,,,,,,,,,,,X,,,,,,,,,,,,,,,,,,,,,X,,X,,,,
"Ross, J. Timilty",HSE,70,✔,"Heroux, Paul ",(D),540,N,Y,Y,Y,Y,Y,Y,Y,Y,Y,Y,Y,Y,Y,Y,Y,,,,,,617-722-2090,Paul.Heroux@mahouse.gov,@PaulHeroux,facebook: Paul-Heroux,,,paulforattleboro.com,,Second Bristol," Attleboro Wards 1, 2, Ward 3: Precinct A, Wards 4, 5, 6.",2013,,,,,,,,,,,,,,,,,,,,,,,,,,,,,,,,,,,,,,,X,,,,,X,
"Ross, Spilka",HSE,92,✔,"Linsky, David ",(D),146,Y,Y,N,Y,N,N,Y,N,Y,N,Y,Y,N,Y,Y,Y,,,,,,617-722-2575,David.Linsky@mahouse.gov,@RepDavidLinsky,facebook.com/DavidLinsky,,,davidlinsky.org,,Fifth Middlesex,"Natick; Sherborn; Millis: Precincts 2, 3 (Norfolk Co.)",1999,Chair,Hse.,Post Audit and Oversight,,,,,,,,,,,,,,,,,,,,,,,,,,,,,,,,,,,,X,,X,,,,
"Barrett, Creem, Ross",HSE,124,✔,"Peisch, Alice ",(D),473G,N,Y,Y,Y,N,N,N,N,Y,N,Y,Y,N,Y,Y,Y,,,,,,617-722-2070,Alice.Peisch@mahouse.gov,@RepAlicePeisch,facebook.com/rep.alice.peisch,,,alicepeisch.org,,Fourteenth Norfolk,Wellesley; Wayland: Precinct 4 (Middlesex Co.); Weston (Middlesex Co.),2003,Chair,Jt.,Education,,,X,,,,,,X,,,,,,,,,,,,,,,,,,,,,,,,,,,X,,,,,,
"Ross, J. Timilty",HSE,127,,"Poirier, Elizabeth ",(R),124,N,N,N,N,N,N,N,N,N,N,N,N,N,N,N,N,,,,,,617-722-2100,Elizabeth.Poirier@mahouse.gov,@BettyPoirierMA,facebook: Rep-Elizabeth-Poirier,,,none,,Fourteenth Bristol,"Attleboro: Ward 3: Precinct B; Mansfield: Precincts 1, 5; North Attleborough",1999,,,,,,,,,,,,,,,,,,,,,,,,,,,,,,,,,,,,,,,X,,,,,X,
"Barrett, Donoghue, Eldridge",HSE,2,,"Arciero, James ",(D),172,N,N,N,N,N,Y,N,N,N,N,N,Y,N,N,N,N,,,,,,617-722-2019,James.Arciero@mahouse.gov,@JimArciero,facebook: Representative-James-Arciero,none,,jimarciero.com,,Second Middlesex,"Chelmsford: Precincts 5, 7, 8; Littleton; Westford.",2008,,,,,,X,,,,,,,,,,,X,X,,,,,,,,,,,,,,,,,,,,,,,,,,,
"Gobi, Lesser",HSE,2.5,,"Ashe, Brian ",(D),466,Y,Y,Y,Y,Y,N,Y,Y,Y,N,N,N,Y,Y,Y,Y,,,,,,617-722-2017,Brian.Ashe@mahouse.gov,@repashe,facebook: State-Representative-Brian-Ashe,none,,votebrianashe.com,,Second Hampden,"East Longmeadow: Precincts 2, 3, 4; Hampden; Longmeadow; Monson.",2009,Vice Chair,Hse.,Redistricting,,,,,,,,,,,,,,,,,,,X,,,,,,X,,,,,,,,,,,,,,,,,
Eldridge,HSE,3,✔,"Atkins, Cory ",(D),195,Y,Y,N,N,N,N,N,N,Y,N,Y,Y,Y,Y,Y,Y,,,,,,617-722-2015,Cory.Atkins@mahouse.gov,@RepCoryAtkins,facebook: Representative-Cory-Atkins,none,,coryatkins.com,,Fourteenth Middlesex," Acton: Precincts 1, 2, 6; Carlisle; Chelmsford: Precincts 1, 9; Concord.",1999,Chair,Jt.,"Tourism, Arts & Cultural Development",,,X,,,,,,,,,,,,X,,,,,,,,,,,,,,,,,,,,,,,,,,,
"Keenan, W. Timilty",HSE,4,,"Ayers, Bruce ",(D),167,N,Y,N,N,N,N,N,N,N,N,N,N,N,N,N,N,,,,,,617-722-2230,Bruce.Ayers@mahouse.gov,@BruceJAyers,facebook.com/bruce.j.ayers,none,,votebruceayers.com,,First Norfolk,"Quincy: Ward 3: Precincts 4, 5, Ward 4: Precincts 1, 3, Ward 5: Precinct 2, Ward 6; Randolph: Precincts 5, 6, 11, 12.",1999,,,,,,,,,,,,,,,,,,,,,,,,,,X,,,,,,,,,,,,,,,,,X,,
Creem,HSE,5,✔,"Balser, Ruth ",(D),136,Y,Y,N,N,N,N,Y,Y,Y,Y,Y,Y,Y,Y,Y,Y,,,,,,617-722-2396,Ruth.Balser@mahouse.gov,@repruthbalser,facebook.com/ruthbalser,none,,ruthbalser.org,,Twelfth Middlesex,"Newton: Wards 5, 6, Ward 7: Precincts 1, 3, 4, Ward 8.",1999,Vice Chair,Hse.,Public Health,,,,,,,,,X,,,,,,,,,,,,,,,,,,,,,,,,,,,,,,,,,
Jehlen,HSE,6,✔,"Barber, Christine",(D),236,Y,Y,N,N,N,N,Y,Y,Y,N,Y,Y,N,Y,Y,Y,,,,,,617-722-2430,Christine.Barber@mahouse.gov,@Barber4StateRep,facebook.com/christinebarberstaterep,none,,christinebarber.org,,Thirty-Fourth Middlesex,"Medford: Wards 4, 5, Ward 7: Precinct 1, Ward 8: Precinct 2; Somerville: Wards 4, 7",2014,,,,,,,,,,,,,,,,,,,,,,,,,X,,,,,,,,,,,,,,,,,,,,
J. Timility,HSE,7,,"Barrows, F. ",(R),542,N,N,N,N,N,N,N,N,N,N,N,N,N,N,N,N,,,,,,617-722-2488,F.JayBarrows@mahouse.gov,@jay_barrows,facebook: State-Representative-F-Jay-Barrows,none,,jaybarrows.wordpress.com,,First Bristol," Mansfield: Precincts 2, 3, 6; Norton: Precincts 3, 4, 5; Foxborough (Norfolk Co.).",2007,,,,,,,,,,,,,,,,,,,,,,,,,,,,,,,,,,,,,,,,,,,,X,
"Eldridge, Flanagan",HSE,8,✔,"Benson, Jennifer ",(D),42,Y,Y,N,Y,Y,Y,N,Y,Y,N,Y,Y,Y,Y,Y,Y,,,,,,617-722-2014,Jennifer.Benson@mahouse.gov,@RepJenBenson,facebook: Jen-Benson,@repbenson,,jenbenson.org,,Thirty-Seventh Middlesex,"Acton: Precincts 3, 4, 5; Ayer: Precinct 2; Boxborough; Shirley; Harvard (Worcester Co.); Lunenburg: Precincts A, C, D (Worcester Co.).",2009,Chair,Jt.,Consumer Protection & Professional Licensure,,,,,,,,,,,,,,,X,,X,,,,,,,,,,,,,,,,,,,,,,,,,
Gobi,HSE,9,,"Berthiaume, Donald",(R),540,N,N,N,N,Y,N,N,N,N,N,N,N,N,N,N,N,,,,,,617-722-2090,Donald.Berthiaume@mahouse.gov,@Donnie394y,facebook.com/donnie.berthiaume.1,none,,donnieberthiaume.com/,,Fifth Worcester,"Barre; Brookfield; East Brookfield; Hardwick; Hubbardston; New Braintree; North Brookfield; Oakham; Spencer: Precincts 2, 3, 4; West Brookfield; Ware: Precinct A (Hampshire Co.).",2014,,,,,,,,,,,,,,,,,,,,,,X,,,,,,,,,,,,,,,,,,,,,,,
Humason,HSE,10,,"Boldyga, Nicholas ",(R),167,N,N,N,N,N,N,N,N,N,N,N,N,N,N,N,N,,,,,,617-722-2810,Nicholas.Boldyga@mahouse.gov,@RepNickBoldyga,none,none,,3rdhampden.com,,Third Hampden,Agawam; Granville; Southwick.,2011,,,,,,,,,,,,,,,,,,,,,,,,X,,,,,,,,,,,,,,,,,,,,,
Lewis,HSE,11,✔,"Brodeur, Paul ",(D),160,N,Y,N,N,Y,N,N,N,N,N,Y,N,N,N,N,Y,,,,,,617-722-2304,Paul.Brodeur@mahouse.gov,@RepBrodeur,facebook: State-Representative-Paul-Brodeur,none,,none,,Thirty-Second Middlesex," Malden: Ward 5: Precinct 2; Melrose; Wakefield: Precincts 4, 5, 6.",2011,Vice Chair,Hse.,"Telecommunications, Utilities & Energy.",,,,,,,,,,,,,,,,,,,,,,,,,,X,,,,,,,,,,,,,,,,
Montigny,HSE,12,✔,"Cabral, Antonio ",(D),466,Y,Y,Y,N,N,N,Y,Y,Y,N,N,Y,N,Y,N,N,,,,,,617-722-2017,Antonio.Cabral@mahouse.gov,none,facebook.com/RepCabral,none,,votetonycabral.org,,Thirteenth Bristol,"New Bedford: Ward 4: Precincts A, B, C, F, Wards 5, 6.",1991,Chair,Hse.,"Bonding, Capital Expenditure & State Assets. ",,,,,,,,,,,,,,,,,,,,,,,,,,,,,X,,,,,,,,,,,,,
McGee,HSE,13,,"Cahill, Dan",(D),527A,Y,Y,N,N,N,Y,Y,N,Y,N,Y,Y,N,N,N,N,,,,,,617-722-2020,Daniel.Cahill@mahouse.gov,@cahillforlynn,facebook: CahillForLynn,none,,none,,Tenth Essex," Lynn: Ward 1: Precincts 3, 4, Ward 2, Ward 3: Precincts 1, 2, 3, Ward 4: Precincts 1, 2, Ward 5: Precincts 2, 3.","2016, Special",Vice Chair,Hse.,Post Audit and Oversight,,,,,,,,,,,,,,,,,,,,,,,,,,,,X,,,,,,,,,,,,,,
"Brady, O'Connor, Pacheco",HSE,14,,"Calter, Thomas ",(D),446,Y,Y,Y,Y,N,N,N,N,Y,N,N,Y,Y,N,Y,Y,,,,,,617-722-2460,Thomas.Calter@mahouse.gov,@TomCalterMA,facebook: State-Representative-Tom-Calter,none,,tomcalter.com,,Twelfth Plymouth,"Duxbury: Precinct 1; Halifax; Kingston; Middleborough: Precinct 1; Plymouth: Precincts 1, 11, 13; Plympton",2007,,,,,,,,X,,,,,,,,,,,,,,,,,,,,,,,,,,X,,X,,,,,,,,,
"Chandler, Moore",HSE,15,,"Campanale, Kate",(R),542,N,N,N,N,Y,N,N,N,N,N,N,N,N,N,N,N,,,,,,617-722-2488,Kate.Campanale@mahouse.gov,@kate_campanale,facebook.com/ElectKateCampanale,none,,KateCampanale.com,,Seventeenth Worcester,"Leicester; Worcester: Ward 7, Ward 8: Precincts 2, 3, 4.",2014,,,,,,,,,,X,,,,,,,,,,,,,,,,,,,,,,,X,,,,,,,,,,,,
,HSE,16,,"Campbell, Linda ",(D),236,N,N,Y,N,N,N,N,N,N,N,N,N,N,N,N,Y,,,,,,617-722-2430,Linda.Campbell@mahouse.gov,none,facebook: linda.deancampbell,none,,statereplindacampbell.com,,Fifteenth Essex," Haverhill: Ward 2: Precincts 1, 2, Ward 5: Precinct 2, Ward 7: Precinct 1; Methuen: Precincts 1, 4, 5, 6, 8, 9, 11, 12.",2007,Vice Chair,Hse.,Public Safety & Homeland Security,,,,,,,,,,,,,,,,,,,,,,,,,,,,,,,,,,,,,,,,,,
"DeMacedo, O'Connor",HSE,17,,"Cantwell, James ",(D),22,N,N,N,N,N,N,N,N,N,N,Y,Y,Y,Y,N,N,,,,,,617-722-2140,James.Cantwell@mahouse.gov,@RepJimCantwell,facebook.com/jimcantwellma,@jim.cantwell,,JimCantwell.com,,Fourth Plymouth," Marshfield; Scituate: Precincts 1, 2, 4, 5, 6.",2009,,,,,,,,,,,,,,X,,,,,,,,,,,,,,,,,,,,X,,,,,,,,,,,
Hinds,HSE,18,✔,"Cariddi, Gailanne ",(D),36,N,Y,N,Y,N,N,N,Y,Y,Y,Y,Y,N,Y,Y,Y,,,,,,617-722-2370,Gailanne.Cariddi@mahouse.gov,@cariddigailanne,facebook: Gail-Cariddi,none,,gailcariddi.com,,First Berkshire,Adams; Cheshire; Clarksburg; Florida; Hancock; Lanesborough; New Ashford; North Adams; Williamstown.,2011,Vice Chair,Jt.,Economic Development & Emerging Technologies. ,,,,,,,,,,,,,,,,,,,,X,,,,,,,,,,,,,,,,,,,,,,
"Boncore, Chang-Diaz, Forry",HSE,19,,"Carvalho, Evandro",(D),446,Y,Y,N,N,N,N,Y,Y,Y,N,Y,Y,N,N,N,N,,,,,,617-722-2460,Evandro.Carvalho@mahouse.gov,@EvandroforRep,facebook.com/EvandroForRep,none,,evandrocarvalho.com,,Fifth Suffolk,"Boston: Ward 7: Precinct 10, Ward 8: Precincts 5, 6, 7, Ward 12: Precinct 6, Ward 13: Precincts 1, 2, 4, 5, Ward 14: Precinct 1, Ward 15: Precincts 1, 2, 3, 4, 5, 7, 8, 9, Ward 17: Precincts 1, 2.",2014,,,,,,,X,,,,X,,,,,,,,,,x,,,,,,,,,,,,,,,,,,,,,,,,
Brady,HSE,20,,"Cassidy, Gerard",(D),134,Y,Y,N,N,N,N,N,Y,N,N,Y,N,N,N,N,N,,,,,,617-722-2400,Gerard.Cassidy@mahouse.gov,none,facebook: CassidyNinthPlymouth,none,,none,,Ninth Plymouth,"Brockton: Ward 2, Ward 3: Precincts A, B, C, Ward 4: Precincts A, D, Ward 5: Precinct A, Ward 7: Precincts A, B.",2016,Vice Chair,Hse.,"Bonding, Capital Expenditure & State Assets",,,,,X,,,,,,,,,,,,,,,,,,,,,,,,,,,,,,,,,,,,,
Keenan,HSE,21,,"Chan, Tackey ",(D),26,N,Y,N,N,N,N,N,N,N,N,N,N,N,N,N,N,,,,,,617-722-2080,Tackey.Chan@mahouse.gov,@tackeychan,fb:Tackey-Chan-forState-Representative,none,,tackeychan.com,,Second Norfolk,"Quincy: Ward 1, Ward 3: Precincts 1, 2, Ward 4: Precincts 2, 4, Ward 5: Precincts 1, 3, 4, 5.",2011,Vice Chair,Jt.,Community Development & Small Businesses.,,,,,,,,,,,,,,,,,,,,,,,X,,,,,,,,,,,,,,,,,,,
Forry,HSE,22,,"Collins, Nick ",(D),39,Y,Y,N,N,Y,N,N,N,Y,N,Y,N,N,N,N,N,,,,,,617-722-2014,Nick.Collins@mahouse.gov,@repnickcollins,fb: Nick-Collins-for-State-Representative,@repnickcollins,,votenickcollins.com,,Fourth Suffolk,"Boston: Ward 1: Precinct 15, Ward 6, Ward 7: Precincts 1, 2, 3, 4, 5, 6, 7, 8, Ward 13: Precinct 3.",2011,Vice Chair,Hse.,Personnel and Administration,,,,,,,,,,,,,,,,,,X,,,,,,,,,,,,,,,,,,,,,,,,
"DiDomenico, Jehlen",HSE,23,✔,"Connolly, Mike",(D),437,Y,Y,Y,Y,Y,Y,Y,Y,Y,Y,Y,Y,Y,Y,Y,Y,,,,,,617-722-2425,Mike.Connolly@mahouse.gov,@MikeConnollyMA,facebook: MikeConnollyMA,@Catsofthe26th,,mikeconnolly.org,,"Twenty-sixth Middlesex,","Cambridge: Ward 1, Ward 2: Precinct 1, Ward 3, Ward 6: Precinct 1; Somerville: Ward 1, Ward 2: Precinct 1",2016,Vice Chair,Jt.,Revenue,,,,,,,,,,,,X,,,,,,,,,,X,,,,,,,,,,,,,,,,,,,,
McGee,HSE,25,,"Crighton, Brendan",(D),130,"Y
",Y,N,N,N,N,Y,N,Y,N,Y,Y,N,N,Y,Y,,,,,,617-722-2130,brendan.crighton@mahouse.gov,@BrendanCrighton,facebook.com/pages/Brendan-Crighton/103160196440308,none,,brendancrighton.com,,Eleventh Essex,"Lynn: Ward 4: Precinct 3, Ward 5: Precincts 1, 4, Wards 6, 7; Nahant.",2014,,,,,,,,,,,,,,,,,,,,,,,,,,,,,,,X,,,,,,,,,,,,,,
Cyr,HSE,26,,"Crocker, William",(R),437,N,N,N,N,Y,N,N,N,N,N,N,N,N,N,N,N,,,,,,617-722-2425,william.crocker@mahouse.gov,@WillCrockerJr,fb: willcrockercommittee,none,,electwillcrocker.com,,Second Barnstable,,2016,,,,,,,,,,,,,X,,,,,,,,,,,,,,,,,,,,,,,,,,,,,,,,
"Brady, W. Timilty",HSE,27,,"Cronin, Claire ",(D),136,Y,Y,N,N,N,N,N,N,N,N,Y,N,N,N,N,N,,,,,,617-722-2396,Claire.Cronin@mahouse.gov,none,facebook.com/repclairecronin,flickr: Elect Claire Cronin,,electclairecronin.com,,Eleventh Plymouth," Brockton: Ward 1, Ward 3: Precinct D, Ward 7: Precincts C, D; Easton: Precincts 1, 2, 3, 4, 5 (Bristol Co.)",2013,Vice Chair,Hse.,The Judiciary,,,,,X,,,,,,,,,,,,,,,,,,,,,,,,,,,,,,,,,,,X,,
"Forry, W. Timilty",HSE,28,✔,"Cullinane, Dan",(D),121,Y,Y,N,N,Y,N,Y,Y,Y,Y,Y,N,N,N,N,N,,,,,,617-722-2006,Daniel.Cullinane@mahouse.gov,@DannyCullinane,facebook: CullinaneForRep,private: repdancullinane,,dancullinane.com,,Twelfth Suffolk,"Milton Precincts 1 and 2, in the county of Norfolk; and Prec. 8 and 11 of ward 16, Prec 4, 10, 11, 12, 13 and 14 of ward 17, Precs 1, 2, 3, 4, 5, 6 and 21 of ward 18, of the city of Boston, in the county of Suffolk.",2013,,,,,,,,,,,,,,,,,,,,,X,,,,,,,,,,,,,,,,,,,,,,X,,
"Keenan, W. Timilty",HSE,29,,"Cusack, Mark ",(D),544,N,N,N,N,N,N,N,N,N,N,N,N,N,N,N,N,,,,,,617-722-2637,Mark.Cusack@mahouse.gov,@repmarkcusack,fb: Mark-Cusack-forState-Representative,none,,none,,Fifth Norfolk,Braintree; Holbrook: Precinct 1; Randolph: Precinct 4.,2011,Chair,Hse.,Technology and Intergovernmental Affairs,,,,,,,,,,,,,,,,,,,,,,,X,,,,,,,,,,,,,,,,,X,,
"Brady, DeMacedo, O'Connor",HSE,30,,"Cutler, Josh ",(D),473F,Y,N,N,N,N,N,N,N,N,N,N,Y,N,N,N,N,,,,,,617-722-2210,Josh.Cutler@mahouse.gov,@joshcutler,facebook.com/joshscutler,@joshscutler,,joshcutler.com,,Sixth Plymouth,"Duxbury: Precincts 2, 3, 4, 5, 6; Hanson; Pembroke.",2013,,,,,,,,X,,,,,,X,,,,,,,,,,,,,,,,,,,,X,,,,,,,,,,,
Pacheco,HSE,31,,"D'Emilia, Angelo ",(R),548,N,N,N,N,N,N,N,N,N,N,N,N,N,N,N,N,,,,,,617-722-2488,Angelo.D'Emilia@mahouse.gov,@voteangelo,facebook.com/angelodemilia,none,,voteangelo.com,,Eighth Plymouth,Bridgewater; Raynham,2011,,,,,,,,,,,,,,,,,,,,,,,,,,,,,,,,,,,,X,,,,,,,,,
"Jehlen, Lewis",HSE,32,✔,"Day, Michael",(D),448,N,Y,N,N,Y,N,N,Y,N,N,Y,Y,N,Y,N,Y,,,,,,617-722-2582,Michael.Day@mahouse.gov,@MikeDay4Rep,facebook.com/electmikeday,none,,electmikeday.com,,Thirty First Middlesex," the towns of Stoneham and Winchester, both in the county of Middlesex.",2014,,,,,,,,,,,,,,,,,,,,,,,,,X,,,,X,,,,,,,,,,,,,,,,
DiDomenico,HSE,33,✔,"Decker, Marjorie ",(D),155,Y,Y,Y,Y,Y,Y,Y,Y,Y,Y,Y,Y,Y,Y,Y,Y,,,,,,617-722-2450,Marjorie.Decker@mahouse.gov,@MarjorieDecker,fb: State-Representative-Marjorie-Decker,none,,decker4rep.com,,Twenty-Fifth Middlesex,"Cambridge: Ward 4, Ward 6: Precincts 2, 3, Wards 7, 8, Ward 10: Precincts 1, 2",2013,Vice Chair,Hse.,Global Warming and Climate Change,,,,,,,,,,,,X,,,,,,,,,,,,,,,,,,,,,,,,,,,,,,
"Brady, Keenan",HSE,34,,"DeCoste, David",(R),236,N,N,N,N,N,N,N,N,N,N,N,N,N,N,N,N,,,,,,617-722-2430,David.DeCoste@mahouse.gov,@VoteDeCoste,facebook.com/CitizensforDeCoste,none,,citizensfordecoste.com,,Fifth Plymouth,Hanover; Norwell; Rockland.,2014,,,,,,,,X,,,,,,,,,,,,,,,,,,X,,,,,,,,,,,,,,,,,,,
Boncore,HSE,35,,"DeLeo, Robert ",(D),356,N,N,N,N,N,N,N,N,N,N,N,N,N,N,N,N,,,,,,617-722-2500,Robert.DeLeo@mahouse.gov,@SpeakerDeLeo,facebook: House-Speaker-Robert-A-DeLeo,none,,bobdeleo.com,,Nineteenth Suffolk,"Revere Ward 1: Precincts 1, 2, Ward 2, Ward 3: Precincts 2, 3, Ward 5: Precinct 3; Winthrop",1991,,,,,,,X,,,,,,,,,,,,,,,,,,,,,,,,,,,,,,,,,,,,,,
O'Connor Ives,HSE,36,,"Dempsey, Brian ",(D),243,N,N,N,N,N,N,N,N,N,N,N,N,N,N,N,N,,,,,,617-722-2990,Brian.Dempsey@mahouse.gov,none,none,none,,none,,Third Essex,"Haverhill: Ward 1, Ward 2: Precinct 3, Ward 3, Ward 4: Precincts 1, 2, Ward 5: Precincts 1, 3, Ward 6.",1991,House,Hse.,Ways & Means,,,,,,,,,,,,,,,,,,,,,,,,,,,,,,,X,,,,,,,,,,,
"Brady, Keenan, W. Timilty",HSE,37,,"Diehl, Geoff ",(R),167,N,N,N,N,Y,N,N,N,N,N,N,N,N,N,N,N,,,,,,617-722-2810,Geoff.Diehl@mahouse.gov,@RepGeoffDiehl,facebook.com/RepGeoffDiehl,@repgeoffdiehl,,geoffdiehl.com,,Seventh Plymouth,"Abington; East Bridgewater: Precincts 2, 3, 4; Whitman.",2011,,,,,,,,X,,,,,,,,,,,,,,,,,,X,,,,,,,,,,,,,,,,,X,,
Flanagan,HSE,38,,"Hay, Stephan",(D),33,N,Y,N,N,N,N,Y,N,N,N,Y,N,N,Y,N,Y,,,,,,617-722-2060,Stephen.DiNatale@mahouse.gov,none,fb: Representative-Stephan-Hay,none,,none,,Third Worcester,Fitchburg; Lunenburg: Precinct B.,2016,,,,"(special elex, 2016)",,,,,,,,,,,,,,,,X,,,,,,,,,,,,,,,,,,,,,,,,,
O'Connor Ives,HSE,39,,"DiZoglio, Diana ",(D),33,N,N,N,N,Y,N,N,N,N,N,Y,Y,N,N,N,Y,,,,,,617-722-2060,Diana.DiZoglio@mahouse.gov,@DianaDiZoglio,facebook: staterepdiana,none,,votedizoglio.com,,Fourteenth Essex,"Haverhill: Ward 7: Precinct 2; Lawrence: Ward A: Precincts 1, 3, Ward F: Precinct 1; Methuen: Precincts 3, 7, 10; North Andover: Precincts 1, 2, 3, 4, 5.",2013,,,,,,,,,,,,,,,,,,,,,,,,,,,,,,,,,,,X,,,,,,,,,,
"Chandler, Moore",HSE,40,✔,"Donahue, Dan",(D),122,Y,Y,Y,N,N,Y,Y,N,Y,N,Y,Y,N,Y,N,Y,,,,,,617-722-2006,Daniel.Donahue@mahouse.gov,@RepDanDonahue,facebook: DanDonahueforRep,none,,dandonahue.org,,Sixteenth Worcester,"precincts 1, 2, 4 and 5, of ward 5, ward 6, and precincts 1 408 and 5 of ward 8, of the city of Worcester, in the county of Worcester",2013,,,,,,,,,,X,,,,,,,,,,,,,,,,,,,,,,,X,,,,,,,,,,,,
"Jehlen, Lewis",HSE,41,,"Donato, Paul ",(D),481,Y,N,N,N,N,N,N,N,N,N,N,N,N,N,N,N,,,,,,617-722-2180,Paul.Donato@mahouse.gov,@repdonato,facebook: State-Representative-Paul-Donato,none,,none,,Thirty-fifth Middlesex," Malden: Ward 1, Ward 3: Precinct 2, Ward 7: Precinct 1; Medford: Wards 1, 2, Ward 3: Precinct 1, Ward 7: Precinct 2, Ward 8: Precinct 1.",2001,2nd Asst. Majority Leader,,,,,,,,,,,,,,,,,,,,,,,,X,,,,X,,,,,,,,,,,,,,,,
J. Timilty,HSE,42,,"Dooley, Shawn",(R),167,N,N,N,N,N,N,N,N,N,N,N,N,N,N,N,N,,,,,,617-722-2810,Shawn.Dooley@mahouse.gov,@RepDooley,facebook.com/dooley4rep,@repdooley,,repdooley.com,,Ninth Norfolk,"Medfield: Precincts 3, 4; Millis: Precinct 1; Norfolk; Plainville; Walpole: Precinct 5; Wrentham.",2014,,,,,,,,,,,,,,,,,,,,,,,,,,,,,,,,,,,,,,,,,,,,X,
W. Timilty,HSE,43,,"Driscoll, William",(D),437,Y,Y,N,N,N,N,N,N,Y,N,Y,N,N,N,N,N,,,,,,617-722-2425,william.driscoll@mahouse.gov,@vote4driscoll,facebook: BillDriscollJr,@vote4driscoll,,vote4driscoll.com,,Seventh Norfolk,"Milton: Precincts 3, 4, 5, 6, 7, 8, 9, 10; Randolph: Precincts 1, 2, 3, 7, 8, 9, 10",2016,,,,,,,,,,,,,,,,,,,,,,,,,,,,,,,,,,,,,,,,,,,X,,
"Brady, W. Timilty",HSE,44,✔,"Dubois, Michelle",(D),146,Y,Y,Y,Y,Y,Y,Y,Y,Y,Y,Y,Y,Y,Y,Y,Y,,,,,,617-722-2011,michelle.dubois@mahouse.gov,@ElectDubois,facebook: Elect-Michelle-Dubois,none,,inactive : electmichelledubois.com,,Tenth Plymouth,"Brockton: Ward 4: Precincts B, C, Ward 5: Precincts B, C, D, Ward 6; East Bridgewater: Precinct 1; West Bridgewater.",2014,,,,,,,,X,,,,,,,,,,,,,,,,,,,,,,,,,,,,,,,,,,,x,,
"Fattman, Gobi",HSE,45,,"Durant, Peter ",(R),33,N,N,N,N,Y,N,N,N,N,N,N,N,N,N,N,N,,,,,,617-722-2060,Peter.Durant@mahouse.gov,@RepDurant,facebook: peterjdurant,none,,repdurant.com,,Sixth Worcester,"Charlton: Precincts 1, 2, 3; Dudley; Southbridge; Spencer: Precinct 1.",2011,,,,,,,,,,,,,,,,,,,X,,,X,,,,,,,,,,,,,,,,,,,,,,,
"Donnelly, Lewis",HSE,46,,"Dwyer, James ",(D),254,N,N,N,N,Y,N,N,N,N,N,N,Y,N,N,N,N,,,,,,617-722-2220,James.Dwyer@mahouse.gov,none,facebook: jim.dwyer.923,none,,representativedwyer.com,,Thirtieth Middlesex,"Reading: Precincts 2, 3, 4, 5; Woburn: Wards 2, 3, 4, 5, 6.",2009,,,,,,,,,,,,,,,,X,,,,,,,,,,,,,X,,,,,,,,,,,,,,,,
"Eldridge, Spilka",HSE,47,✔,"Dykema, Carolyn ",(D),127,N,Y,N,N,Y,N,N,N,Y,N,Y,Y,N,N,Y,Y,,,,,,617-722-2680,Carolyn.Dykema@mahouse.gov,@CarolynDykema,facebook.com/carolyndykema,none,,carolyndykema.com,,Eighth Middlesex, Holliston; Hopkinton; Southborough (Worcester Co.); Westborough: Precinct 2 (Worcester Co.).,2009,,,,,,,,,,,,,,,,,,X,,,,,,,,,,,,,,,,,,,,,,,X,,,,
McGee,HSE,48,✔,"Ehrlich, Lori ",(D),236,N,Y,N,N,N,N,N,N,Y,N,Y,Y,Y,Y,Y,Y,,,,,,617-722-2430,Lori.Ehrlich@mahouse.gov,@loriehrlich,facebook.com/lori.ehrlich,none,,loriehrlich.com,,Eighth Essex,"Lynn: Ward 3: Precinct 4, Ward 4: Precinct 4; Marblehead; Swampscott.",2009,Vice Chair,Jt.,Health Care Financing,,,,,,,,,,,,,,,,,,,,,,,,,,,,X,,,,,,,,,,,,,,
Hinds,HSE,49,✔,"Farley-Bouvier, Tricia ",(D),156,Y,Y,N,N,Y,N,Y,Y,Y,Y,Y,Y,N,Y,Y,Y,,,,,,617-722-2240,Tricia.Farley-Bouvier@mahouse.gov,@reptricia,facebook: tricia.farleybouvier,none,,triciafarleybouvier.com,,Third Berkshire,"Consisting of Pittsfield: Ward 1: Precinct A, Wards 2, 3, 4, 5, 6, 7.",2011,,,,,,,,,,,,,,,,,,,,,,,X,,,,,,,,,,,,,,,,,,,,,,
"Chandler, Flanagan",HSE,50,,"Ferguson, Kimberly ",(R),473B,N,N,N,N,N,N,N,N,N,N,N,N,N,N,N,N,,,,,,617-722-2263,Kimberly.Ferguson@mahouse.gov,@KimFergusonMA,https://www.facebook.com/kimberly.ferguson.528?hc_ref=SEARCHface,,,none,,First Worcester,"Holden; Paxton, Princeton; Rutland; Sterling: Precinct 1; Westminster: Precinct 2.",2011,,,,,,,,,,X,,,,,,,,,,X,,,,,,,,,,,,,,,,,,,,,,,,,
"Cyr, DeMacedo",HSE,51,✔,"Fernandes, Dylan",(D),437,Y,Y,N,Y,N,Y,Y,Y,Y,Y,Y,Y,Y,Y,Y,Y,,,,,,617-722-2425,Dylan.Fernandes@mahouse.gov,@RepDylan,facebook: RepDylanFernandes,none,,dylanfernandes.com,,"Barnstable, Dukes & Nantucket","Falmouth: Precincts 1, 2, 5, 6 (Barnstable Co.). Dukes Cty: Chilmark; Edgartown; Aquinnah; Gosnold; Oak Bluffs; Tisbury; West Tisbury; Nantucket (Nantucket Co.).",2016,Vice Chair,Hse.,Bills in Third Reading,,,,,,,,,,X,X,,,,,,,,,,,,,,,,,,,,,,,,,,,,,,,
Tarr,HSE,52,,"Ferrante, Ann-Margaret ",(D),26,N,Y,N,N,N,N,N,N,N,N,Y,Y,N,N,N,N,,,,,,617-722-2080,Ann-Margaret.Ferrante@mahouse.gov,@REP_AMF,facebook.com/ann.ferrante.7,,,ferrante4rep.com,,Fifth Essex,Essex; Gloucester; Rockport.,2009,Chair,Jt.,Community Development and Small Businesses,,,,,,,,,,,,,,,,,,,,,,,,,,,,,,,,,,,,,,,X,,,
"Lesser, Welch",HSE,53,,"Finn, Michael ",(D),134,Y,Y,N,N,N,N,N,N,N,N,N,N,N,N,N,N,,,,,,617-722-2400,Michael.Finn@mahouse.gov,@michaeljfinn,facebook.com/Rep.MichaelJFinn,,,repfinn.com,,Sixth Hampden,"Chicopee: Ward 2: Precinct A, Ward 3: Precinct A, Ward 4: Precinct A; Springfield: Ward 2: Precinct E; West Springfield.",2011,Vice Chair,Hse.,Transportation,,,,,,,,,,,,,,,,,,,,,,,,,X,,,,,,,,,,,,,,,,,X
Rodrigues,HSE,54,,"Fiola, Carole",(D),443,N,Y,N,N,N,N,N,N,N,N,Y,N,N,N,N,N,,,,,,617-722-2460,Carole.Fiola@mahouse.gov,@CaroleFiola,facebook: electcarole,,,electcarole.com,,Sixth Bristol,"precincts B and C of ward 5, precinct C of ward 6, all precincts of wards 7, 8, and 9, of the city of Fall River, and precinct 1, of the town of Freetown, both in the county of Bristol.",2013,,,,,,,,,,,,,,,,,,,,,,,,,,,,,,,,,,,,,X,,,,,,,,
"Fattman, Gobi, Moore",HSE,55,,"Frost, Paul",(R),542,N,N,N,N,N,N,N,N,N,N,N,N,N,N,N,N,,,,,,617-722-2489,Paul.Frost@mahouse.gov,none,facebook.com/representative.frost,,,votepaulfrost.com,,Seventh Worcester,"Auburn; Charlton: Precinct 4; Millbury; Oxford: Precincts 2, 3.",2014,,,,,,,,,,,,,,,,,,,X,,,X,,,,,,,,,,,X,,,,,,,,,,,,
W. Timilty,HSE,56,,"Galvin, William ",(D),166,N,N,N,N,N,N,N,N,Y,N,Y,Y,N,N,Y,N,,,,,,617-722-2692,William.Galvin@mahouse.gov,none,fb: State-Representative-William-C-Galvin,,,none,,Sixth Norfolk,"Avon; Canton; Stoughton: Precincts 1, 5, 7, 8.",1991,Chair,Hse.,Rules,,,,,,,,,,,,,,,,,,,,,,,,,,,,,,,,,,,,,,,,X,,
"Donnelly, Jehlen",HSE,57,✔,"Garballey, Sean ",(D),540,Y,Y,N,Y,N,N,Y,Y,Y,Y,Y,Y,Y,Y,N,Y,,,,,,617-722-2090,Sean.Garballey@mahouse.gov,"inactive / @garballey, @SeanGarballey",facebook: seangarballey,,,seangarballey.wordpress.com/,,Twenty-third Middlesex,"Arlington: Precincts 1, 3, 5, 6, 7, 9, 11, 13, 14, 15, 16, 17, 18, 19, 20, 21; Medford: Ward 3: Precinct 2, Ward 6: Precincts 1, 2.",2009,Vice Chair,Hse.,Higher Education,,,,,,,,,,,,,X,,,,,,,,,X,,,,,,,,,,,,,,,,,,,,
"Donoghue, L'Italien",HSE,59,,"Garry, Colleen ",(D),238,N,N,N,N,Y,N,N,N,N,N,Y,N,N,N,Y,Y,,,,,,617-722-2380,Colleen.Garry@mahouse.gov,@RepColleenGarry,fb: State-Representative-Colleen-Garry,,,none,,Thirty-sixth Middlesex,Dracut; Tyngsborough.,1995,,,,,,,,,,,,,,,,,X,,,,,,,,,,X,,,,,,,,,,,,,,,,,,
Pacheco,HSE,61,,"Gifford, Susan ",(R),124,N,N,N,N,Y,N,N,N,N,N,N,N,N,N,N,N,,,,,,617-722-2100,Susan.Gifford@mahouse.gov,none,none,,,susangifford.com,,Second Plymouth ,"Carver; Middleborough: Precincts 3, 6; Wareham.",2003,,,,,,X,,,,,,,,,,,,X,,,,,,,,,,,,,,,,,,X,,,,,,,,,
"Barrett, Donoghue",HSE,62,,"Golden, Thomas ",(D),473B,N,N,N,N,Y,N,N,N,N,N,N,N,N,N,N,N,,,,,,617-722-2263,Thomas.Golden@mahouse.gov,none,facebook.com/tom.t.golden,,,reptomgolden.blogspot.com/,,Sixteenth Middlesex,"Chelmsford: Precincts 2, 3, 6; Lowell: Wards 5, 6, 9.",1995,Chair,Jt.,"Telecommunications, Utilities & Energy",,,X,,,,,,,,,,,X,,,,,,,,,,,,,,,,,,,,,,,,,,,,
Lesser,HSE,63,✔,"Goldstein-Rose, Solomon",(D),437,Y,Y,Y,Y,Y,N,Y,Y,Y,Y,Y,Y,Y,Y,Y,Y,,,,,,617-722-2425,Solomon.GoldsteinRose@mahouse.gov,@solomonforrep,facebook: solomonforstaterep,@solomonforrep,,solomonforrep.org,,Third Hampshire,Amherst; Granby: Precinct 1; Pelham,2016,4th Division Chair,,,,,,,,,,,,,,,,,,,,,,,,,,,X,,,,,,,,,,,,,,,,,
"Lesser, Welch",HSE,64,✔,"Gonzalez, Carlos",(D),26,Y,N,N,N,Y,N,Y,Y,Y,Y,Y,Y,Y,Y,Y,Y,,,,,,617-722-2080,Carlos.Gonzalez@mahouse.gov,@Vote4Gonzalez,facebook.com/VoteCarlosGonzalez,,,vote4gonzalez.com,,Tenth Hampden,"Springfield: Ward 1, Ward 3: Precincts B, C, D, E, F, G, H, Ward 6: Precincts A, B, F.",2014,,,,,,,,,,,,,,,,,,,,,,,,,,,,X,,,,,,,,,,,,,,,,,X
"Barrett, Donnelly, Tarr",HSE,65,✔,"Gordon, Kenneth ",(D),472,N,Y,N,Y,Y,N,Y,Y,Y,N,Y,Y,N,Y,Y,Y,,,,,,617-722-2013,Ken.Gordon@mahouse.gov,@RepKenGordon,facebook.com/KenForStateRep,,,repkengordon.org,,Twenty-first Middlesex,Bedford; Burlington; Wilmington: Precinct 3,2013,Vice Chair,Hse.,Election Laws,,,X,,,,,,,,,,X,,,,,,,,,,,,,,,,,,,,,,,,,,X,,,
Eldridge,HSE,66,,"Gregoire, Danielle ",(D),473G,N,Y,Y,N,N,N,Y,N,N,N,Y,N,N,Y,Y,N,,,,,,617-722-2070,Danielle.Gregoire@mahouse.gov,@DWGregoire,facebook.com/danielle.gregoire.39,,,none,,Fourth Middlesex," Marlborough: Ward 2: Precinct 1, Wards 3, 4, 5, 6, Ward 7: Precinct 2; Northborough: Precincts 1, 3 (Worcester Co.); Westborough: Precinct 1, 3 (Worcester Co.).",2013,Vice Chair,Hse.,Education,,,,,,,,,,,,,,,X,,,,,,,,,,,,,,,,,,,,,,,,,,,
"Pacheco, Rodrigues",HSE,67,,"Haddad, Patricia ",(D),370,N,Y,N,N,N,N,N,N,N,N,Y,Y,Y,N,N,N,,,,,,617-722-2600,Patricia.Haddad@mahouse.gov,@rephaddadd,LinkedIn (Not FB),,,none,,Fifth Bristol,"Dighton; Somerset; Swansea: Precincts 1, 2, 3; Taunton: Ward 6.",2001,Speaker Pro Tempore,,,,,,,,,,,,,,,,,,,,,,,,,,,,,,,,,,,X,X,,,,,,,,
"Donoghue, Eldridge, Flanagan",HSE,68,,"Harrington, Sheila",(R),237,N,N,N,N,N,N,N,N,N,N,N,N,N,N,N,N,,,,,,617-722-2305,sheila.harrington@mahouse.gov,@RepHarrington,Facebook: RepHarrington,,,RepHarrington.com,,First Middlesex,Ayer: Precinct 1; Ashby; Dunstable; Groton; Pepperell; Townsend.,2011,,,,,,,,,,,,,,,,,X,X,,X,,,,,,,,,,,,,,,,,,,,,,,,,
"Brownsberger, Jehlen",HSE,69,✔,"Hecht, Jonathan ",(D),22,Y,Y,Y,N,Y,N,Y,Y,Y,Y,Y,Y,Y,Y,Y,Y,,,,,,617-722-2140,Jonathan.Hecht@mahouse.gov,@repjonhecht,facebook: JonHechtMA,,,jonhecht.com,,Twenty-ninth Middlesex,"Cambridge: Ward 9, Ward 10: Precinct 3, Ward 11: Precinct 2; Watertown: Precincts 1, 2, 3, 4, 5, 6, 7, 8, 9.",2009,,,,,,,,,X,,,,,,,,,,,,,,,,X,,,,,,,,,,,,,,,,,,,,
Flanagan,HSE,71,✔,"Higgins, Natalie",(D),437,Y,Y,Y,Y,Y,Y,Y,Y,Y,Y,Y,Y,Y,Y,Y,Y,,,,,,617-722-2425,Natalie.Higgins@mahouse.gov,@natalieforrep,facebook: NatalieforStateRep,none,,electnataliehiggins.com,,Fourth Worcester,Leominster,2016,,,,,,,,,,,,,,,,,,,,X,,,,,,,,,,,,,,,,,,,,,,,,,
"Lovely, Tarr",HSE,72,,"Hill, Bradford ",(R),128,N,N,N,N,N,N,N,N,N,N,N,N,N,N,N,N,,,,,,617-722-2100,Brad.Hill@mahouse.gov,none,facebook.com/repbradhill,,,bradhill.org,,Fourth Essex,Hamilton; Ipswich; Manchester-by-the-Sea; Rowley; Topsfield; Wenham.,1999,,,,,,,,,,,,,,,,,,,,,,,,,,,,,,X,,,,,,,,,,,,X,,,
"Eldridge, Flanagan",HSE,73,✔,"Hogan, Kate ",(D),130,Y,Y,N,N,N,N,N,N,N,Y,Y,N,N,Y,Y,Y,,,,,,617-722-2130,Kate.Hogan@mahouse.gov,@RepKateHogan,facebook.com/kate.hogan.948,,,katehogan.net,,Third Middlesex,Hudson; Maynard; Stow; Bolton ,2009,Chair,Jt.,Public Health,,,,,,,,,,,,,,,x,,x,,,,,,,,,,,,,,,,,,,,,,,,,
DiDomenico,HSE,75,,"Honan, Kevin ",(D),38,Y,Y,N,N,N,Y,N,N,Y,N,Y,Y,N,N,N,Y,,,,,,617-722-2470,Kevin.Honan@mahouse.gov,@RepKevinHonan,facebook: KevHonan,,,kevinhonan.com,,Seventeenth Suffolk,"Boston: Ward 21: Precincts 3, 5, 6, 7, 8, 9, 10, 11, 12, 15, Ward 22: Precincts 2, 3, 6, 9, 10.",1987,Chair,Jt.,Housing,,,,,,,,,,,,X,,,,,,,,,,,,,,,,,,,,,,,,,,,,,,
"Rodrigues, J. Timilty, W. Timility",HSE,76,,"Howitt, Steven ",(R),237,N,N,N,N,N,N,N,N,N,N,N,N,N,N,Y,N,,,,,,617-722-2305,steven.howitt@mahouse.gov,@HowittStateRep,fb: Steven-Howitt-for-State-Representative,,,stevenhowitt.com,,Fourth Bristol ,"Norton: Precincts 1, 2; Rehoboth; Seekonk; Swansea: Precincts 4, 5.",2011,,,,,,,,,,,,,,,,,,,,,,,,,,,,,,,,,,,,,X,,,,,,X,X,
"Forry, Keenan",HSE,77,,"Hunt, Dan",(D),473B,Y,Y,N,N,N,N,Y,Y,Y,N,Y,N,N,N,N,N,,,,,,617-722-2263,Daniel.Hunt@mahouse.gov,@RepDanHunt,facebook.com/DanHuntforRep,,,danhunt.org,,Thirteenth Suffolk,"Boston: Ward 7: Precinct 9, Ward 13: Precincts 6, 7, 8, 9, 10, Ward 15: Precinct 6, Ward 16: Precincts 1, 2, 3, 4, 5, 6, 7, 9, 10, 12, Ward 17: Precincts 3, 5; Quincy: Ward 3: Precinct 3 (Norfolk Co.).",2014,,,,,,,,,,,,,,,,,,,,,X,,,,,X,,,,,,,,,,,,,,,,,,,
"Cyr, DeMacedo",HSE,78,,"Hunt, Randy",(R),136,N,N,N,N,Y,N,N,N,N,N,N,N,N,N,N,N,,,,,,617-722-2396,Randy.Hunt@mahouse.gov,@RandyHuntPCA,facebook.com/randyhuntcpa,,,randyhunt2014.com,,Fifth Barnstable,"Barnstable: Precincts 11, 12; Bourne: Precincts 1, 2, 7; Sandwich; Plymouth: Precinct 9 (Plymouth).",2014,,,,,,,,,,,,,X,X,,,,,,,,,,,,,,,,,,,,,,,,,,,,,,,
"Lewis, McGee, Tarr",HSE,79,,"Jones, Bradley ",(R),124,N,N,N,N,N,N,N,N,N,N,N,N,N,N,Y,N,,,,,,617-722-2100,Bradley.Jones@mahouse.gov,@RepBradJones,facebook: brad.jones,,,bradjonesonline.com,,Twentieth Middlesex,"North Reading; Reading: Precincts 1, 6, 7, 8; Lynnfield (Essex Co.); Middleton: Precinct 1 (Essex Co.).",1995,,,,,,,,,,,,,,,,,,,,,,,,,,,,,X,,X,,,,,,,,,,,X,,,
"J. Timility, W. Timilty",HSE,80,,"Kafka, Louis ",(D),185,Y,Y,N,N,N,N,N,N,Y,N,Y,Y,N,Y,Y,Y,,,,,,617-722-2960,Louis.Kafka@mahouse.gov,none,facebook.com/reploukafka,,,reploukafka.org,,Eighth Norfolk,"Sharon; Stoughton: Precincts 2, 3, 4, 6; Walpole: Precincts 3, 4; Mansfield: Precinct 4 (Bristol Co.).",1991,2nd Division Chair,,,,,,,,,,,,,,,,,,,,,,,,,,,,,,,,,,,,,,,,,,x,x,
"Eldridge, Moore",HSE,81,,"Kane, Hannah ",(R),236,N,N,N,N,N,N,N,N,N,N,N,N,N,N,N,N,,,,,,617-722-2430,Hannah.Kane@mahouse.gov,@HannahKaneMA,fb: HannahKaneForStateRepresentative,,,hannahkane4rep.com,,Eleventh Worcester,"Shrewsbury; Westborough: Precincts 4, 5.",2015,,,,"Elected Mar 31, 2015 to fill vacancy due to resignation of Rep. Matthew Beaton",,,,,,,,,,,,,,X,,,,,,,,,,,,,,,X,,,,,,,,,,,,
"Barrett, Donnelly",HSE,82,✔,"Kaufman, Jay ",(D),34,Y,Y,N,N,N,N,Y,Y,Y,Y,Y,Y,N,Y,Y,N,,,,,,617-722-2320,Jay.Kaufman@mahouse.gov,@RepJayKaufman,facebook.com/RepJayKaufman,,,jaykaufman.com,,Fifteenth Middlesex,"Consisting of Lexington; Woburn: Wards 1, 7",1995,Chair,Jt.,Revenue,,,X,,,,,,,,,,X,,,,,,,,,,,,,,,,,,,,,,,,,,,,,
Chandler,HSE,83,✔,"Keefe, Mary ",(D),473F,Y,Y,Y,Y,Y,N,Y,Y,Y,Y,Y,Y,N,Y,Y,Y,,,,,,617-722-2210,Mary.Keefe@mahouse.gov,@MaryKeefeMA,facebook: Mary.Keefe.Worcester,,,electmarykeefe.com,,Fifteenth Worcester," Worcester: Ward 3: Precinct 4, Ward 4, Ward 5: Precinct 3, Ward 10: Precincts 1, 2, 3, 4, 5.",2013,,,,,MALeg: Rep: 15th Worcester,,,,,X,,,,,,,,,,,,,,,,,,,,,,,,,,,,,,,,,,,
O'Connor Ives,HSE,84,,"Kelcourse, James",(R),130,N,N,N,N,N,N,N,N,N,N,N,N,N,N,N,N,,,,,,617-722-2130,james.kelcourse@mahouse.gov,@JamesKelcourse,fb: James-Kelcourse,,,jameskelcourse.com,,First Essex,Amesbury; Newburyport; Salisbury.,2014,,,,,,,,,,,,,,,,,,,,,,,,,,,,,,,,,,,X,,,,,,,,,,
Creem,HSE,85,✔,"Khan, Kay ",(D),146,Y,Y,Y,N,Y,Y,Y,Y,Y,Y,Y,Y,Y,Y,Y,Y,,,,,,617-722-2011,Kay.Khan@mahouse.gov,@repkay,facebook: kay.khan,,,kaykhan.org,,Eleventh Middlesex,"Newton: Ward 1: Precincts 2, 3, Wards 2, 3, 4, Ward 7: Precinct 2",1995,Chair,Jt.,Children & Families,,,,,,,,,X,,,,,,,,,,,,,,,,,,,,,,,,,,,,,,,,,
"Hinds, Humason",HSE,86,✔,"Kocot, Peter ",(D),22,Y,Y,Y,Y,Y,Y,Y,Y,Y,Y,Y,Y,Y,Y,Y,Y,,,,,,617-722-2140,Peter.Kocot@mahouse.gov,none,none,,,none,,First Hampshire,Hatfield; Northampton; Southampton; Westhampton; Montgomery (Hampden Co.).,2003,Chair,Jt.,State Administration and Regulatory Oversight,,,,,,,,,,,,,,,,,,,,X,X,,,,,,,,,,,,,,,,,,,,,
Montigny,HSE,87,,"Koczera, Robert ",(D),448,Y,Y,N,N,Y,N,Y,N,N,N,Y,N,Y,N,N,N,,,,,,617-722-2582,Robert.Koczera@mahouse.gov,none,none,,,none,,Eleventh Bristol,"Acushnet; New Bedford: Ward 1: Precincts A, B, C, Ward 2, Ward 3: Precincts B, C",1989,Vice Chair,Hse.,"Steering, Policy & Scheduling",,,,,,,,,,,,,,,,,,,,,,,,,,,,,X,,,,,,,,,,,,,
Hinds,HSE,88,✔,"Kulik, Stephen ",(D),238,Y,Y,N,N,N,N,Y,N,Y,N,Y,Y,N,Y,Y,Y,,,,,,617-722-2380,Stephen.Kulik@mahouse.gov,@RepSteveKulik,none,,,stevekulik.org,,First Franklin ,Franklin Cty: Ashfield; Buckland; Conway; Deerfield; Leverett; Montague; Shelburne; Shutesbury; Sunderland; Whately. Hampden Cty: Chester. Hampshire Cty: Chesterfield; Cummington; Goshen; Huntington; Middlefield; Plainfield; Williamsburg; Worthington,1993,Vice Chair,Hse.,Ways & Means,,,,,,,,,,,,,,,,,,,,X,,,,,,,,,,,,,,,,,,,,,,
Fattman,HSE,89,,"Kuros, Kevin ",(R),443,N,N,N,N,Y,N,N,N,N,N,N,N,N,N,N,N,,,,,,617-722-2460,Kevin.Kuros@mahouse.gov,@KevinKuros,facebook.com/Kevin.Kuros,,,kevinkuros.com,,Eighth Worcester,Blackstone; Millville; Uxbridge; Bellingham,2011,,,,,,,,,,,,,,,,,,,X,,,,,,,,,,,,,,,,,,,,,,,,,,
"Barrett, Brownsberger, Creem",HSE,90,,"Lawn, John ",(D),254,Y,Y,N,N,N,N,Y,Y,Y,Y,Y,N,N,N,N,Y,,,,,,617-722-2220,John.Lawn@mahouse.gov,none,facebook.com/johnlawnstaterep,,,none,,Tenth Middlesex,"Newton: Ward 1: Precincts 1, 4; Waltham: Ward 4: Precinct 2, Ward 5: Precinct 1, Ward 6: Precinct 2, Ward 7: Precinct 2, Wards 8, 9; Watertown: Precincts 10, 11, 12",2011,Vice Chair,Jt.,Financial Services,,,X,,,X,,,X,,,,,,,,,,,,,,,,,,,,,,,,,,,,,,,,,
Spilka,HSE,91,✔,"Lewis, Jack",(D),437,Y,Y,Y,Y,Y,Y,Y,Y,Y,Y,Y,Y,Y,Y,Y,Y,,,,,,617-722-2425,Jack.Lewis@mahouse.gov,@electjacklewis,facebook: JackPatrickLewis,none,,electjacklewis.com,,Seventh Middlesex,"Ashland; Framingham: Precincts 8, 13, 14, 16, 17, 18",2016,Chair,Jt.,Higher Education,,,,,,,,,,,,,,,,,,,,,,,,,,,,,,,,,,,,,,X,,,,
"Boncore, Brownsberger, DiDomenico",HSE,93,✔,"Livingstone, Jay",(D),136,Y,Y,N,Y,N,N,Y,Y,Y,N,Y,Y,N,Y,Y,Y,,,,,,617-722-2396,Jay.Livingstone@mahouse.gov,@jaylivingstone,facebook: Jay-LivingStone-for...,,,jaylivingstone.com,,"Eighth Suffolk,","Boston: Ward 3: Precinct 5, Ward 4: Precinct 6, Ward 5: Precincts 3, 4, 5, 6, 7, 8, 9, 11; Cambridge: Ward 2: Precincts 2, 3, Ward 5 (Middlesex Co.).",2013,,,,,,,X,,X,,,,,,X,,,,,,,,,,,,,,,,,,,,,,,,,,,,,,
Donnelly,HSE,94,,"Lombardo, Marc ",(R),443,N,N,N,N,N,N,N,N,N,N,N,N,N,N,N,N,,,,,,617-722-2460,Marc.Lombardo@mahouse.gov,@MarcTLombardo‎,fb: MarcLombardoForStateRepresentative‎,,,marclombardo.com,,Twenty-second Middlesex,Billerica,2011,,,,,,,,,,,,,,,,X,,,,,,,,,,,,,,,,,,,,,,,,,,,,,
"L'Italien, O'Connor Ives, Tarr",HSE,95,,"Lyons, James ",(R),443,N,N,N,N,N,N,N,N,N,N,N,N,N,N,N,N,,,,,,617-722-2460,James.Lyons@mahouse.gov,@RepJimLyons,fb: Jim Lyons for State Representative,,,jimlyons.org,,"Eighteenth Essex,"," Andover: Precincts 1, 5, 6, 7, 8, 9; Boxford: Precinct 1; North Andover: Precincts 6, 7, 8; Tewksbury: Precincts 3, 3A (Middlesex County)",2011,,,,,,,,,,,,,,,,,,,,,,,,,,,X,,,,,,,,X,,,,,,,X,,,
Boncore,HSE,96,,"Madaro, Adrian",(D),544,Y,Y,N,Y,N,N,Y,Y,Y,Y,Y,Y,Y,Y,Y,Y,,,,,,617-722-2637,Adrian.Madaro@mahouse.gov,@adrianmadaro,facebook.com/adrianforrep,,,adrianmadaro.com/,,First Suffolk,"Boston: Ward 1: Precincts 1, 2, 3, 4, 5, 6, 7, 8, 9, 10, 11, 12, 13, 14.",42064,,,,"Elected Mar 31, 2015; fill vacancy due to resignation of Rep. Carlo Basile",,,X,,,,,,,,,,,,,,,,,,,,,,,,,,,,,,,,,,,,,,
"Chandler, Chang-Diaz",HSE,97,✔,"Mahoney, John ",(D),443,Y,Y,N,Y,N,N,Y,Y,Y,N,Y,Y,N,Y,N,N,,,,,,617-722-2460,John.Mahoney@mahouse.gov,@RepJohnMahoney,facebook: RepJohnJMahoney,,,none,,Thirteenth Worcester,"Worcester: Ward 1: Precincts 1, 2, 3, 4, Ward 3: Precinct 2, Ward 9, Ward 10: Precinct 1.",2011,Chair,Jt.,Election Laws,,MALeg: Rep: 13th Worcester,,,,,X,X,,,,,,,,,,,,,,,,,,,,,,,,,,,,,,,,,,
"Keenan, O'Connor",HSE,99,,"Mariano, Ronald ",(D),343,N,N,N,N,N,N,N,N,N,N,N,N,N,N,N,N,,,,,,617-722-2300,Ronald.Mariano@mahouse.gov,@RonMariano,Facebook: Committee-to-Elect-Ron-Mariano,,,ronmariano.com,,Third Norfolk,"Holbrook: Precincts 2, 3, 4; Quincy: Ward 2, Ward 4: Precinct 5; Weymouth: Precincts 5, 6, 9, 12, 16",1993,Majority Leader,,,,,,,,,,,,,,,,,,,,,,,,,X,,,,,,,,X,,,,,,,,,,,
,HSE,100,✔,"Mark, Paul ",(D),166,Y,Y,N,Y,Y,N,N,N,Y,N,Y,Y,N,Y,Y,Y,,,,,,617-722-2692,Paul.Mark@mahouse.gov,@RepPaulMark,facebook: Paul-Mark,,,representativemark.com,,Second Berkshire,Dalton; Hinsdale; Peru; Pittsfield: Ward 1: Precinct B; Savoy; Windsor. Franklin Cty: Bernardston; Charlemont; Colrain; Greenfield; Hawley; Heath; Leyden; Monroe; Northfield; Rowe.,2011,Vice Chair,Hse.,Rules,,,,,,,,,,,,,,,,,,,,,,,,,,,,,,,,,,,,,,,,,,
Montigny,HSE,101,,"Markey, Christopher ",(D),527A,N,N,N,N,N,N,N,N,N,N,N,N,N,N,Y,N,,,,,,617-722-2020,Christopher.Markey@mahouse.gov,@chrismarkeyrep,fb: Chris-Markey-for-State-Representative,,,votemarkey.com,,Ninth Bristol,"Dartmouth; New Bedford: Ward 3: Precincts D, E, F",2011,Chair,Hse.,Ethics,,,,,,,,,,,,,,,,,,,,,,,,,,,,,X,,,,,,,,,,,,,
,HSE,102,,"Matias, Juana",(D),437,Y,Y,N,Y,Y,N,Y,N,Y,Y,Y,N,N,N,N,Y,,,,,,617-722-2425,Juana.Matias@mahouse.gov,@juana_b_matias,facebook: JuanaBMatias,private: @matiasforstaterep,,juanamatias.com,,Sixteenth Essex," Lawrence: Ward A: Precincts 2, 4, Ward B, Ward C: Precinct 4, Ward E: Precincts 2, 3, 4, Ward F: Precinct 2, 3, 4.",2016,Vice Chair,Hse.,Labor & Workforce Development,,,,,,,,,,,,,,,,,,,,,,,,,,,,,,,,,,,,,,,,,,
DiDomenico,HSE,103,,"McGonagle, Joseph",(D),134,Y,Y,N,Y,N,N,N,N,N,N,N,N,N,N,N,N,,,,,,617-722-2400,Joseph.McGonagle@mahouse.gov,@McGonagle4Rep,facebook.com/votejoemcgonagle,,,joemcgonagle.com,,Twenty-eighth Middlesex,"City of Everett, in the county of Middlesex",2014,,,,,,,,,,,,,,,X,,,,,,,,,,,,,,,,,,,,,,,,,,,,,,
Fattman,HSE,104,,"McKenna, Joseph",(R),33,N,N,N,N,N,N,N,N,N,N,N,N,N,N,N,N,,,,,,617-722-2060,joseph.mckenna@mahouse.gov,@JosephDMcKenna,facebook.com/electjoemckenna,,,mckennaforrep.wix.com/mckennaforrep,,Eighteenth Worcester,"Douglas; Oxford: Precincts 1, 4; Sutton; Webster.",2014,,,,,,,,,,,,,,,,,,,X,,,,,,,,,,,,,,,,,,,,,,,,,,
O'Connor,HSE,106,✔,"Meschino, Joan",(D),437,Y,Y,Y,N,N,N,N,N,Y,N,Y,N,N,N,Y,N,,,,,,617-722-2425,Joan.Meschino@mahouse.gov,@joanmeschino,facebook: JoanMeschinoStateRep,none,,joanmeschino.com,,Third Plymouth,"Hingham: Precincts 1, 3, 4, 5, 6; Hull; Scituate: Precinct 3; Cohasset (Norfolk Co.).",2016,2nd Asst. Majority Leader,,,,,,,,,,,,,,,,,,,,,,,,,,,,,,,,,X,,,,,,,,,,,
"L'Italien, Tarr",HSE,107,,"Miceli, James ",(D),237,Y,Y,N,N,N,N,N,N,N,N,N,N,N,Y,Y,N,,,,,,617-722-2305,James.Miceli@mahouse.gov,none,none,,,none,,Nineteenth Middlesex," Tewksbury: Precincts 1, 1A, 2, 2A, 4, 4A; Wilmington: Precincts 1, 2, 4, 5, 6",1977,,,,,,,,,,,,,,,,,,,,,,,,,,,X,,,,,,,,,,,,,,,X,,,
Boncore,HSE,108,✔,"Michlewitz, Aaron ",(D),254,N,N,N,N,N,N,N,N,Y,N,N,Y,N,N,N,N,,,,,,617-722-2220,Aaron.M.Michlewitz@mahouse.gov,@RepMichlewitz,fb: State-Representative-Aaron-Michlewitz,,,aaronforrep.com,,Third Suffolk,"Boston: Ward 3: Precincts 1, 2, 3, 4, 6, 7, 8, Ward 4: Precincts 1, 3, Ward 5: Precinct 1",2009,Chair,Jt.,Financial Services,,,,X,,,,X,,,,,,,,,,,,,,,,,,,,,,,,,,,,,,,,,,
"O'Connor Ives, Tarr",HSE,109,,"Mirra, Leonard ",(R),548,N,N,N,N,Y,N,N,N,N,N,N,N,N,N,N,N,,,,,,617-722-2488,Lenny.Mirra@mahouse.gov,@LennyMirra‎,facebook.com/LennyMirra,,,lennymirra.com,,Second Essex,"Boxford: Precincts 2, 3; Georgetown; Groveland; Haverhill: Ward 4: Precinct 3, Ward 7: Precinct 3; Merrimac; Newbury; West Newbury",2013,,,,,,,,,,,,,,,,,,,,,,,,,,,,,,,,,,,X,,,,,,,X,,,
Donoghue,HSE,110,,"Mom, Rady",(D),443,N,Y,N,N,N,N,N,N,Y,N,N,Y,N,Y,N,N,,,,,,617-722-2460,Rady.Mom@mahouse.gov,@radymom,fb: Rady-Mom-State-Representative,,,radymom.com,,Eighteenth Middlesex,"Lowell: Ward 2: Precincts 1, 2, Ward 3, Ward 4: Precinct 1, Wards 7, 8",2014,,,,,,,,,,,,,,,,,X,,,,,,,,,,,,,,,,,,,,,,,,,,,,
L'Italien,HSE,111,,"Moran, Frank ",(D),279,Y,Y,Y,N,N,N,Y,N,Y,Y,N,Y,N,N,N,N,,,,,,617-722-2017,Frank.Moran@mahouse.gov,@repmoran,none,,,none,,Seventeenth Essex,"Andover: Precincts 2, 3, 4; Lawrence: Ward C, Precincts 1, 2, 3, Ward D, Ward E, Precinct 1; Methuen: Precinct 2.",2013,Vice Chair,Hse.,Consumer Protection & Professional Licensure,,,,,,,,,,,,,,,,,,,,,,,,X,,,,,,,,,,,,,,,,,,
"Brownsberger, Creem, DiDomenico",HSE,112,,"Moran, Michael ",(D),42,N,N,N,N,N,N,N,Y,Y,N,Y,N,N,N,N,N,,,,,,617-722-2014,Michael.Moran@mahouse.gov,none,fb: frank.moran,,,none,,Eighteenth Suffolk," Boston: Ward 21: Precincts 2, 4, 13, 14, 15, 16, Ward 22: Precincts 1, 4, 5, 7, 8, 11, 12, 13; Brookline: Precinct 1 (Norfolk Co.)",2005,First Division Chair,,,,,,,,X,,,X,,,X,,,,,,,,,,,,,,,,,,,,,,,,,,,,,,
"Fattman, Moore",HSE,113,,"Muradian, David",(R),156,N,N,N,N,N,N,N,N,N,N,N,N,N,N,N,N,,,,,,617-722-2240,David.Muradian@mahouse.gov,@Muradian4Rep,facebook.com/muradian4rep,,,davidmuradian.com,,Ninth Worcester,Grafton; Northbridge; Upton.,2014,,,,,,,,,,,,,,,,,,,X,,,,,,,,,,,,,,X,,,,,,,,,,,,
DeMacedo,HSE,114,,"Muratore, Mathew",(R),39,N,N,N,N,N,N,N,N,N,N,N,Y,N,N,N,N,,,,,,617-722-2014,Mathew.Muratore@mahouse.gov,@MatMuratore,fb: PlymouthSelectmanMattMuratore,,,mattmuratore.com,,First Plymouth,"Plymouth: Precincts 2, 3, 4, 5, 6, 7, 8, 10, 12, 14, 15.",2014,,,,,,,,,,,,,,X,,,,,,,,,,,,,,,,,,,,,,,,,,,,,,,
O' Connor,HSE,115,,"Murphy, James ",(D),156,N,Y,N,N,N,N,N,N,N,N,N,Y,N,N,Y,N,,,,,,617-722-2240,James.Murphy@mahouse.gov,none,fb: State-Representative-James-M-Murphy,,,none,,Fourth Norfolk,"Weymouth: Precincts 1, 2, 3, 4, 7, 8, 10, 11, 13, 14, 15, 17, 18; Hingham: Precinct 2 (Plymouth Co.)",2001,Chair ,Jt.,Public Service,,,,,,,,,,,,,,,,,,,,,,,,,,,,,,,X,,,,,,,,,,,
"Fattman, Spilka",HSE,116,,"Murray, Brian",(D),437,Y,Y,N,N,N,N,N,N,N,N,Y,Y,Y,Y,Y,N,,,,,,617-722-2425,Brian.Murray@mahouse.gov,none,facebook: BrianMurrayForStateRepresentative,none,,brianmurrayforstaterep.com,,Tenth Worcester, Hopedale; Mendon; Milford; Medway: Precinct 1,2016,Chair,Jt.,Judiciary,,,,,,,,,,,,,,,,X,,,,,,,,,,,,,,,,,,,,,,X,,,,
"Barrett, Donoghue",HSE,117,,"Nangle, David ",(D),146,N,N,N,N,N,N,N,N,N,N,N,N,N,N,N,N,,,,,,617-722-2575,David.Nangle@mahouse.gov,none,none,,,none,,Seventeenth Middlesex," Chelmsford: Precinct 4; Lowell: Ward 1, Ward 2: Precinct 3, Ward 4: Precincts 2, 3, Wards 10, 11",1999,Chair,Hse.,"Steering, Policy & Scheduling",,,X,,,,,,,,,,,X,,,,,,,,,,,,,,,,,,,,,,,,,,,,
"Chandler, Eldridge, Flanagan",HSE,118,,"Naughton, Harold ",(D),167,N,Y,N,N,N,N,N,N,N,N,Y,Y,N,N,N,N,,,,,,617-722-2230,Harold.Naughton@mahouse.gov,@HankNaughton,facebook: Harold-Naughton,,,haroldnaughton.org,,Twelfth Worcester," Berlin; Boylston; Clinton; Lancaster; Northborough: Precincts 2, 4; Sterling: Precinct 2",1995,Chair,Jt.,Public Safety & Homeland Security,,,,,,,X,,,,,,,,X,,X,,,,,,,,,,,,,,,,,,,,,,,,,
"Pacheco, W. Timilty",HSE,119,,"O'Connell, Shaunna",(R),237,N,N,N,N,N,N,N,N,N,N,N,N,N,N,N,N,,,,,,617-722-2305,Shaunna.O'Connell@mahouse.gov,@ShaunnaOconnell,facebook: shaunna.oconnell.7,,,shaunnaoconnell.com,,Third Bristol,"Easton: Precinct 6; Taunton: Wards 1, 2, Ward 3: Precinct A, Wards 5, 7, 8",2011,,,,,,,,,,,,,,,,,,,,,,,,,,,,,,,,,,,,X,,,,,,,X,,
Chandler,HSE,120,✔,"O'Day, James ",(D),540,Y,Y,N,Y,Y,N,Y,Y,Y,N,Y,Y,N,N,Y,Y,,,,,,617-722-2090,James.O'Day@mahouse.gov,@RepJimODay,facebook: JimODayForStateRep,,,jimoday.org,,Fourteenth Worcester,"West Boylston; Worcester: Ward 1: Precinct 5, Ward 2, Ward 3: Precincts 1, 3, 5",2007,Chair,Jt.,Municipalities & Regional Government,,,,,,,X,,,,,,,,,,,,,,,,,,,,,,,,,,,,,,,,,,,
"Pacheco, Rodrigues",HSE,121,,"Orrall, Keiko ",(R),540,N,N,N,N,N,N,N,N,N,N,N,N,N,N,N,N,,,,,,617-722-2090,Keiko.Orrall@mahouse.gov,@KeikoOrrall,fb: RepresentativeKeikoMOrrall,,,voteorrall.com,,Twelfth Bristol," Berkley; Taunton: Ward 3: Precinct B, Ward 4; Lakeville (Plymouth Co.); Middleborough: Precincts 2, 4, 5 (Plymouth Co.)",2011,,,,,,,,,,,,,,,,,,,,,,,,,,,,,,,,,,,,X,X,,,,,,,,
Lovely,HSE,122,,"Parisella, Jerald ",(D),174,N,N,N,N,N,N,N,N,N,N,N,N,N,N,N,N,,,,,,617-722-2877,Jerald.Parisella@mahouse.gov,inactive: @jerrpez,facebook.com/jerry.staterep,,,jerryparisella.com,,Sixth Essex,Beverly,2011,Chair,Jt.,Veterans & Federal Affairs,,,,,,,,,,,,,,,,,,,,,,,,,,,X,,,,,,,,,,,,,,,
Cyr,HSE,123,✔,"Peake, Sarah ",(D),163,N,N,N,Y,N,N,N,N,Y,N,Y,Y,N,N,Y,N,,,,,,617-722-2040,Sarah.Peake@mahouse.gov,@skpeake,facebook.com/sarah.peake.37,,,sarahpeake.org,,Fourth Barnstable,Brewster: Precinct 3; Chatham; Eastham; Harwich; Orleans; Provincetown; Truro; Wellfleet,2007,3rd Division Chair,,,,,,,,,,,,X,,,,,,,,,,,,,,,,,,,,,,,,,,,,,,,,
Lesser,HSE,125,,"Petrolati, Thomas ",(D),171,N,N,N,N,N,N,N,N,N,N,N,N,N,N,N,N,,,,,,617-722-2255,Thomas.Petrolati@mahouse.gov,none,none,,,none,,Seventh Hampden," Chicopee: Ward 6: Precinct B; Ludlow; Springfield: Ward 8: Precincts E, F, G; Belchertown: Precincts B, C, D (Hampshire Co.)",1987,,,,,,,,,,,,,,,,,,,,,,,,,,,,X,,,,,,,,,,,,,,,,,
"Hinds, Humason",HSE,126,✔,"Pignatelli, William ",(D),466,Y,N,N,N,Y,N,N,N,Y,N,Y,N,N,Y,Y,N,,,,,,617-722-2017,Rep.Smitty@mahouse.gov,@repsmitty,facebook: RepWilliamSmittyPignatelli,,,none,,Fourth Berkshire,Alford; Becket; Egremont; Great Barrington; Lee; Lenox; Monterey; Mt Washington; New Marlborough; Otis; Richmond; Sandisfield; Sheffield; Stockbridge; Tyringham; Washington; W. Stockbridge; In Hampden Cty: Blandford; Russell; Tolland.,2003,Vice Chair,Hse.,"Tourism, Arts & Cultural Dvelopment",,,,,,,,,,,,,,,,,,,,X,X,,,,,,,,,,,,,,,,,,,,,
Jehlen,HSE,128,✔,"Provost, Denise ",(D),473B,Y,Y,Y,Y,Y,Y,Y,Y,Y,Y,Y,Y,Y,Y,Y,Y,,,,,,617-722-2263,Denise.Provost@mahouse.gov,@DeniseProvost1,facebook: Representative-Denise-Provost,,,deniseprovost.org,,Twenty-seventh Middlesex,"Middlesex, Consisting of Somerville: Ward 2: Precincts 2, 3, Wards 3, 5, 6",2006,,,,,,,,,,,,,,,,,,,,,,,,,X,,,,,,,,,,,,,,,,,,,,
Lesser,HSE,129,,"Puppolo, Angelo ",(D),236,N,Y,N,N,N,N,N,N,Y,N,N,Y,N,Y,Y,Y,,,,,,617-722-2430,Angelo.Puppolo@mahouse.gov,@apuppolo,fb:State-Representative-Angelo-J-Puppolo-Jr,,,puppolo.com/‎,,Twelfth Hampden,"East Longmeadow: Precinct 1; Springfield: Ward 6: Precincts C, D, G, H, Ward 7: Precincts B, C, D, E, G; Wilbraham",2007,Vice Chair,Jt.,State Administration & Regulatory Oversight,,,,,,,,,,,,,,,,,,,,,,,,,X,,,,,,,,,,,,,,,,,
"Ross, Spilka",HSE,132,,"Roy, Jeffrey ",(D),527A,N,Y,N,N,N,N,N,N,N,N,N,N,N,N,N,N,,,,,,617-722-2020,Jeffrey.Roy@mahouse.gov,@jeffroy,facebook.com/RepJeffRoy,,,jeffreyroy.com,,Tenth Norfolk,"Franklin; Medway: Precincts 2, 3, 4.",2013,Vice Chair,Hse.,Ethics,,,,,,,,,,,,,,,,,,,,,,,,,,,,,,,,,,,X,,,X,,,,
Chang-Diaz,HSE,133,✔,"Rushing, Byron ",(D),234,Y,Y,N,Y,Y,N,Y,Y,Y,Y,Y,Y,N,N,N,Y,,,,,,617-722-2783,Byron.Rushing@mahouse.gov,@Byronrushing,facebook.com/byron.rushing.7,,,none,,Ninth Suffolk,"Boston: Ward 4: Precincts 2, 4, 5, 7, Ward 5: Precincts 2, 10, Ward 8: Precincts 1, 2, 3, 4; Ward 9: Precincts 1, 2, 3.",1983,Asst. Majority Leader,,,,,,,,,,X,,,,,,,,,,,,,,,,,,,,,,,,,,,,,,,,,,
DiDomenico,HSE,134,,"Ryan, Dan",(D),146,Y,Y,N,N,Y,N,Y,Y,Y,Y,Y,Y,Y,N,Y,Y,,,,,,617-722-2575,Dan.Ryan@mahouse.gov,@RepDanRyan,facebook.com/DanRyanforRep,,,danryanforrep.com,,Second Suffolk,"Boston: Ward 2; Chelsea: Wards 1, 2, Ward 3: Precincts 1, 3, Ward 4: Precincts 1, 4",2014,,,,,,,,,,,,,,,X,,,,,,,,,,,,,,,,,,,,,,,,,,,,,,
"Montigny, Rodrigues",HSE,137,✔,"Schmid, Paul ",(D),473F,N,Y,N,N,Y,N,N,N,N,N,Y,N,N,N,N,Y,,,,,,617-722-2210\,Paul.Schmid@mahouse.gov,@RepPaulSchmid,fb: Paul-Schmid-for-State-Representative,,,paulschmid4staterep.com,,Eighth Bristol,"Fall River: Ward 1: Precinct A, Ward 6: Precincts A, B; Freetown: Precincts 2, 3; New Bedford: Ward 1, Precincts D, E, F; Westport",2011,Chair,Jt.,"Environment, Natural Resources & Agriculture",,,,,,,,,,,,,,,,,,,,,,,,,,,,,x,,,,,x,,,,,,,,
"Humason, Lesser, Welch",HSE,138,✔,"Scibak, John ",(D),43,N,Y,N,N,N,N,Y,N,Y,N,Y,Y,Y,Y,Y,Y,,,,,,617-722-2030,John.Scibak@mahouse.gov,none,facebook.com/JohnWScibak,,,johnscibak.com,,Second Hampshire,Easthampton; Granby: Precinct 2; Hadley; South Hadley,2003,Chair,Jt.,Labor & Workforce Development,,,,,,,,,,,,,,,,,,,,,x,,,,x,,,,,,,,,,,,,,,,,x
Rodrigues,HSE,139,,"Silvia, Alan ",(D),174,Y,Y,N,N,N,N,N,N,Y,N,N,N,N,N,N,N,,,,,,617-722-2877,Alan.Silvia@mahouse.gov,@RepAlanSilvia,fb: CommitteeToElectAlanSilviaStateRepresentative,,,alansilvia.net,,Seventh Bristol,"Fall River: Ward 1: Precincts B, C, Wards 2, 3, 4, Ward 5: Precinct A.",2013,Vice Chair,Hse.,Veterans & Federal Affairs,,,,,,,,,,,,,,,,,,,,,,,,,,,,,,,,,,x,,,,,,,,
Creem,HSE,140,✔,"Smizik, Frank ",(D),274,Y,Y,N,Y,N,N,Y,Y,Y,N,Y,Y,Y,N,Y,Y,,,,,,617-722-2676,Frank.Smizik@mahouse.gov,@franksmizik,facebook.com/repfrankismizik,,,none,,Fifteenth Norfolk,"Brookline: Precincts 2, 3, 4, 6, 7, 8, 9, 10, 11, 12, 13",2001,Chair,Hse.,Global Warming and Climate Change,,,,,,,,,x,,,,,,,,,,,,,,,,,,,,,,,,,,,,,,,,,
Gobi,HSE,141,,"Smola, Todd ",(R),124,N,N,N,N,Y,N,N,N,N,N,N,N,N,N,N,N,,,,,,617-722-2100,Todd.Smola@mahouse.gov,none,facebook.com/todd.smola.7,,,reptoddsmola.org,,First Hampden," Brimfield; Holland; Palmer; Wales; Ware: Precincts B, C (Hampshire Co.); Sturbridge (Worcester Co.); Warren (Worcester Co.)",2005,,,,,,,,,,,,,,,,,,,,,,x,,,,,,,,,,,,,,,,,,,,,,,
"Lovely, Tarr",HSE,142,,"Speliotis, Theodore ",(D),20,N,Y,N,N,N,N,N,N,N,N,N,Y,N,N,N,N,,,,,,617-722-2410,Theodore.Speliotis@mahouse.gov,none,facebook: State-Rep-Theodore-Speliotis,,,none,,Thirteenth Essex,"Danvers; Middleton: Precinct 2; Peabody: Ward 5: Precinct 2, Ward 6.",1997,Chair,Hse.,Bills in 3rd Reading,,,,,,,,,,,,,,,,,,,,,,,,,,,x,,,,,,,,,,,,x,,,
Barrett,HSE,143,✔,"Stanley, Thomas ",(D),167,Y,Y,N,N,Y,N,N,N,Y,N,Y,Y,N,N,N,Y,,,,,,617-722-2230,Thomas.Stanley@mahouse.gov,@tomstanley4279,facebook: Tom-Stanley,,,tomstanley.org,,Ninth Middlesex,"Lincoln; Waltham: Wards 1, 2, 3, Ward 4: Precinct 1, Ward 5: Precinct 2, Ward 6: Precinct 1, Ward 7: Precinct 1",2001,Vice Chair,Hse.,Municipalities & Regional Government,,,x,,,,,,,,,,,,,,,,,,,,,,,,,,,,,,,,,,,,,,,
"Montigny, Pacheco, Rodrigues",HSE,144,,"Straus, William ",(D),134,N,Y,N,N,N,N,N,N,Y,N,Y,N,N,N,N,N,,,,,,617-722-2400,William.Straus@mahouse.gov,none,facebook.com/RepBillStraus,,,repstraus.com,,Tenth Bristol,"Fairhaven; New Bedford: Ward 3: Precinct A, Ward 4: Precincts D, E; Marion (Plymouth Co.); Mattapoisett (Plymouth Co.); Rochester (Plymouth Co.)",1993,Chair,Jt.,Transportation,,,,,,,,,,,,,,,,,,,,,,,,,,,,,x,,,,x,x,,,,,,,,
"Lesser, Welch",HSE,145,,"Tosado, Jose",(D),34,Y,Y,Y,Y,Y,Y,Y,Y,Y,Y,Y,Y,Y,Y,Y,Y,,,,,,617-722-2320,Jose.Tosado@mahouse.gov,@JoseTosado4Rep,facebook.com/JoseFTosado,,,josetosado.com,,Ninth Hampden,"Chicopee: Ward 5: Precinct A; Springfield: Ward 2: Precincts A, B, C, D, F, G, Ward 5: Precincts C, D, G, H, Ward 7: Precincts F, H, Ward 8: Precincts A, B, D, H.",2014,,,,,,,,,,,,,,,,,,,,,,,,,,,,x,,,,,,,,,,,,,,,,,x
Lovely,HSE,146,,"Tucker, Paul",(D),134,N,Y,N,N,N,N,N,N,N,N,Y,Y,N,N,Y,Y,,,,,,617-722-2400,Paul.Tucker@mahouse.gov,@PaulTuckerSalem,facebook.com/PaulTuckerSalem,,,paultuckersalem.com,,Seventh Essex,Salem,2014,,,,,,,,,,,,,,,,,,,,,,,,,,,,,,x,,,,,,,,,,,,,,,
Brownsberger,HSE,147,,"Tyler, Chynah",(D),437,Y,Y,N,Y,N,N,N,Y,Y,Y,N,N,N,N,N,N,,,,,,617-722-2425,Chynah.Tyler@mahouse.gov,@votechynah,facebook: votechynah,@votechynah,,votechynah.com,,Seventh Suffolk,"Boston: Ward 4: Precincts 8, 9, 10, Ward 5: Sub-precinct 2A, Ward 9: Precincts 4, 5, Ward 12: Precincts 1, 2, 3, 4, 5, 8, Ward 21: Precinct 1",2016,Vice Chair,Hse.,Elder Affairs,,,,,,x,,,,,,,,,,,,,,,,,,,,,,,,,,,,,,,,,,,,
Lewis,HSE,148,✔,"Ultrino, Steve",(D),443,Y,Y,N,Y,Y,N,N,N,Y,Y,Y,Y,N,Y,Y,N,,,,,,617-722-2460,Steven.Ultrino@mahouse.gov,@UltrinoforRep,facebook.com/ultrinoforrep,,,ultrinoforrep.com,,Thirty Third Middlesex ,"Malden: ward 2, precinct 1 of ward 3, ward 4, precinct 1 of ward 5, ward 6, precinct 2 of ward 7, and ward 8, of the city of Malden, in the county of Middlesex.",2014,,,,,,,,,,,,,,,,,,,,,,,,,,,,,x,,,,,,,,,,,,,,,,
Humason,HSE,149,✔,"Vega, Aaron ",(D),146,N,Y,N,N,Y,N,Y,Y,Y,N,Y,Y,Y,N,Y,Y,,,,,,617-722-2011,Aaron.Vega@mahouse.gov,@AaronMVega,facebook: vegaforholyoke2012,,,vegaforholyoke.com,,Fifth Hampden,Holyoke,2013,Vice Chair,Hse.,Children & Families,,,,,,,,,,,,,,,,,,,,,x,,,,,,,,,,,,,,,,,,,,,
Humason,HSE,150,,"Velis, John",(D),448,N,N,N,N,N,N,N,N,N,N,N,Y,N,N,N,N,,,,,,617-722-2582,john.velis@mahouse.gov,@johnvelis_,facebook.com/johnvelis4staterep,,,velisforstaterepresentative.com,,Fourth Hampden,"city of Westfield, in the county of Hampden.",2014,,,,,,,,,,,,,,,,,,,,,,,,x,,,,,,,,,,,,,,,,,,,,,
"Cyr, DeMacedo",HSE,151,,"Vieira, David ",(R),167,N,N,N,N,N,N,N,N,N,N,N,N,N,N,N,N,,,,,,617-722-2230,David.Vieira@mahouse.gov,none,facebook: david.t.vieira.9,,,votevieira.com,,Third Barnstable,"Ward 1, Ward 2: Precinct B, Ward 3: Precinct B, Ward 4: Precinct B, Ward 5: Precinct B, Ward 6: Precinct A, Wards 7, 8, 9.",2011,,,,,,,,,,,,,x,x,,,,,,,,,,,,,,,,,,,,,,,,,,,,,,,
"Boncore, DiDomenico, Lewis, McGee",HSE,152,,"Vincent, RoseLee",(D),473F,N,Y,N,N,Y,N,N,N,N,N,N,N,N,N,N,Y,,,,,,617-722-2210,RoseLee.Vincent@mahouse.gov,@RoseLee_Vincent,fb: State-Representative-RoseLee-Vincent,,,roseleeforrep.com,,Sixteenth Suffolk,"Chelsea: Ward 3: Precincts 2, 4, Ward 4: Precincts 2, 3; Revere: Ward 1: Precinct 3, Ward 3: Precinct 1, Ward 4, Ward 5: Precincts 1, 2, Ward 6; Saugus: Precincts 3, 10 (Essex Co.)",2014,,,,,,,x,,,,,,,,x,,,,,,,,,,,,,,x,,x,,,,,,,,,,,,,,
"Lesser, Welch",HSE,153,,"Wagner, Joseph ",(D),42,N,N,N,N,N,N,N,N,N,N,N,N,N,N,N,N,,,,,,617-722-2370,Joseph.Wagner@MAhouse.gov,inactive: @RepWagner,none,,,none,,Eighth Hampden,"Consisting of Chicopee: Ward 1, Ward 2: Precinct B, Ward 3: Precinct B, Ward 4: Precinct B, Ward 5: Precinct B, Ward 6: Precinct A, Wards 7, 8, 9.",1993,Chair,Jt.,Economic Development & Emerging Technologies,,,,,,,,,,,,,,,,,,,,,,,,,x,,,,,,,,,,,,,,,,,x
"Lovely, Spilka",HSE,154,✔,"Walsh, Chris ",(D),472,Y,Y,Y,Y,Y,Y,Y,Y,Y,Y,Y,Y,N,Y,Y,Y,,,,,,617-722-2013,Chris.Walsh@mahouse.gov,@RepChrisWalsh,none,,,electchriswalsh.com,,Sixth Middlesex,"Framingham: Precincts 1, 2, 4, 5, 6, 7, 9, 10, 11, 12, 15.",2011,Vice Chair,Hse.,Public Service,,,,,,,,,,,,,,,,,,,,,,,,,,,x,,,,,,,,,,,x,,,,
,HSE,155,,"Walsh, Thomas",(D),276,N,N,N,N,N,N,N,N,N,N,N,N,N,N,N,N,,,,,,617-722-2676,Thomas.Walsh@mahouse.gov,@walshforpeabody,facebook: StateRepresentativeTomWalsh,none,,none,,Twelfth Essex,"wards 1, 2, 3, 4 and precincts 1 and 3 of ward 5, of the city of Peabody, in the county of Essex.",2016,,,,,,,,,,,,,,,,,,,,,,,,,,,,,,,,,,,,,,,,,,,,,
Cyr,HSE,156,,"Whelan, Timothy",(R),39,N,N,N,N,N,N,N,N,N,N,N,N,N,N,N,N,,,,,,617-722-2014,Timothy.Whelan@mahouse.gov,@TRWhelan,facebook.com/votewhelan,,,none,,First Barnstable,"Barnstable: Precinct 1; Brewster: Precincts 1, 2; Dennis; Yarmouth: Precincts 1, 2, 3, 4, 7",2014,,,,,,,,,,,,,x,,,,,,,,,,,,,,,,,,,,,,,,,,,,,,,,
"Gobi, Lesser",HSE,157,,"Whipps Lee, Susannah",(R),540,N,N,N,N,N,N,N,N,N,N,N,N,N,N,Y,N,,,,,,617-722-2090,Susannah.WhippsLee@mahouse.gov,@Lee4Rep,facebook.com/lee4rep,,,lee4rep.com,,Second Franklin,Erving; Gill; New Salem; Orange; Warwick; Wendell; Belchertown: Precinct A (Hampshire Co.); In Worcetser Cty: Athol; Petersham; Phillipston; Royalston; Templeton.,2014,,,,,,,,,,,,,,,,,,,,,,x,,,,,,x,,,,,,,,,,,,,,,,,
"Lesser, Welch",HSE,158,,"Williams, Bud",(D),437,Y,Y,N,Y,Y,N,Y,N,Y,N,Y,N,N,N,N,N,,,,,,617-722-7300,Bud.Williams@mahouse.gov,none,facebook: VoteBudWilliams,none,,none,,Eleventh Hampden,"Springfield: Ward 2: Precinct H, Ward 3: Precinct A, Ward 4, Ward 5: Precincts A, B, E, F, Ward 6: Precinct E, Ward 7: Precinct A, Ward 8: Precinct C",2016,Vice Chair,Hse.,Ways & Means,,,,,,,,,,,,,,,,,,,,,,,,,x,,,,,,,,,,,,,,,,,x
"Lewis, McGee",HSE,159,,"Wong, Donald ",(R),541,N,N,N,N,N,N,N,N,N,N,N,N,N,N,N,N,,,,,,617-722-2488,Donald.Wong@mahouse.gov,@staterepresent5,facebook: Representative-Donald-H-Wong,,,donaldhwong.com/,,Ninth Essex,"Lynn: Ward 1: Precincts 1, 2; Saugus: Precincts 1, 2, 4, 5, 6, 7, 8, 9; Wakefield: Precincts 1, 2, 3, 7 ",2011,,,,,,,,,,,,,,,,,,,,,,,,,,,,,x,,x,,,,,,,,,,,,,,
Flanagan,HSE,160,,"Zlotnik, Jonathan ",(D),26,N,N,N,N,N,N,N,N,N,N,N,N,N,N,N,N,,,,,,617-722-2080,Jon.Zlotnik@mahouse.gov,none,facebook.com/RepZlotnik,,,jonzlotnik.com/,,Second Worcester,Ashburnham; Gardner; Winchendon; Westminster: Precinct 1.,2013,,,,,,,,,,,,,,,,,,,,x,,,,,,,,,,,,,,,,,,,,,,,,,
,SEN,1,no,"Barrett, Mike",(D),416,Y,Y,Y,N,Y,N,N,Y,Y,Y,Y,Y,N,N,N,Y,,,,,,617-722-1572,Mike.Barrett@masenate.gov,@BarrettSenate,facebook: Michael Barrett,barrettforstatesenate.org,Third Middlesex,,,Third Middlesex,"the city of Waltham and the towns of Bedford, Carlisle, Chelmsford, Concord, Lexington, precincts 3, 8 and 9, Lincoln, Sudbury, precincts 1, 4 and 5, and Weston in the county of Middlesex.",2013,,,,,,x,,,,,,,,,,,,,,,,,,,,,,,,,,,,,,,,,,,,,,,
,SEN,2,no,"Boncore, Joseph",(D),109D,N,Y,N,N,Y,N,N,Y,Y,Y,Y,Y,N,N,N,Y,,,,,, 617-722-1634,Joseph.Boncore@masenate.gov,@joeboncore,facebook: SenatorJoeBoncore,boncoreforsenate.com,First Suffolk and Middlesex,,,First Suffolk and Middlesex,"the cities of Boston, ward 1, precincts 1 to 14, inclusive, ward 3, precincts 1 to 4, inclusive, 6 and 8, and ward 5, precinct 1, 3 to 5, inclusive, and 11, Revere and the town of Winthrop, all in the county of Suffolk; and the city of Cambridge, ward 2, precincts 2 and 3, ward 4, precincts 1 and 3, and ward 5, all in the county of Middlesex.",,,,,,,,A,,,,,,,,,,,,,,,,,,,,,,,,,,,,,,,,,,,,,,
,SEN,3,no,"Brady, Michael",(D),109E,Y,Y,Y,N,Y,N,Y,Y,Y,Y,Y,Y,Y,N,N,N,,,,,,617-722-1200,Michael.Brady@masenate.gov,@Brady_Works,facebook.com/Mike-Brady-for-Senate,bradyforsenate.org,Second Plymouth and Bristol,,,Second Plymouth and Bristol,"City of Brockton and the towns of East Bridgewater, precincts 1 to 3, inclusive, Halifax, Hanover, Hanson, Plympton and Whitman, all in the county of Plymouth; and the town of Easton, precincts 1 and 2, in the county of Bristol.",2015,,,,,,,,A,,,,,,,,,,,,,,,,,,,,,,,,,,,,,,,,,,,,,
,SEN,4,no,"Brownsberger, William ",(D),504,Y,Y,Y,N,Y,N,Y,Y,Y,Y,Y,Y,Y,N,Y,Y,,,,,,617-722-1280,William.Brownsberger@masenate.gov,@WBrownsberger,facebook.com/willbrownsberger,willbrownsberger.com,Second Suffolk and Middlesex,,,Second Suffolk and Middlesex,"city of Boston, ward 4, precincts 2 and 5 to 10, inclusive, ward 5, precincts 2 and 6 to 10, inclusive, ward 21, precincts 1 to 3, inclusive, 5 and 8 to 16, inclusive, ward 22, precincts 3 and 4 and 6 to 13, inclusive, in the county of Suffolk; and the towns of Belmont and Watertown in the county of Middlesex.",2012,,,,,,,,,A,,,,,,,,,,,,,,,,,,,,,,,,,,,,,,,,,,,,
,SEN,5,no,"Chandler, Harriette ",(D),333,Y,Y,Y,N,N,N,N,N,N,N,Y,Y,Y,N,N,N,,,,,,617-722-1544,Harriette.Chandler@masenate.gov,@Sen_Chandler,facebook.com/SenHarrietteChandler,none,First Worcester,,,First Worcester," Boylston, Clinton, precincts 3 and 4, Holden, Northborough, precincts 1, 2 and 4, Princeton and West Boylston, and the city of Worcester, wards 1 to 4, inclusive, ward 8, precincts 2 to 4, inclusive, and wards 9 and 10 in the county of Worcester.",2001,,,,,,,,,,A,,,,,,,,,,,,,,,,,,,,,,,,,,,,,,,,,,,
,SEN,6,no,"Chang-Diaz, Sonia ",(D),111,Y,Y,N,Y,Y,N,Y,Y,Y,Y,Y,Y,N,N,N,Y,,,,,,617-722-1673,Sonia.Chang-Diaz@masenate.gov,@SoniaChangDiaz,facebook: Sonia Chang Diaz,senatorchangdiaz.com,Second Suffolk,,,Second Suffolk,"city of Boston, ward 3, precinct 7, ward 4, precincts 1, 3 and 4, ward 8, ward 9, ward 10, ward 11, ward 12, ward 13, precincts 1, 2 and 4, ward 14, precincts 1, 3, 6 to 11, inclusive, ward 18, precincts 7, 8, 11, 12, 14 and 22 and ward 19, precincts 1 to 9, inclusive, in the county of Suffolk.",2009,,,,,,,,,,,A,,,,,,,,,,,,,,,,,,,,,,,,,,,,,,,,,,
,SEN,7,no,"Creem, Cynthia ",(D),312A,Y,Y,N,Y,Y,N,Y,Y,Y,Y,Y,Y,Y,Y,N,Y,,,,,,617-722-1639,Cynthia.Creem@masenate.gov,@cindycreem,facebook.com/cynthia.creem,cindycreem.com,First Middlesex and Norfolk,,,First Middlesex and Norfolk,"city of Newton in the county of Middlesex; and the towns of Brookline and Wellesley, precincts A, C to E, inclusive, and H in the county of Norfolk",1999,,,,,,,,,,,,A,,,,,,,,,,,,,,,,,,,,,,,,,,,,,,,,,
,SEN,8,no,"Cyr, Julian",(D),405,Y,Y,Y,Y,Y,N,N,N,Y,Y,Y,Y,N,Y,N,Y,,,,,,617-722-1570,julian.cyr@masenate.gov,@juliancyr,facebook: Julian.S.Cyr,juliancyr.com,Cape and Islands,,,Cape and Islands,"the towns of Barnstable, Brewster, Chatham, Dennis, Eastham, Harwich, Mashpee, Orleans, Provincetown, Truro, Wellfleet, Yarmouth in county of Barnstable; towns of Aquinnah, Chilmark, Edgartown, Gosnold, Oak Bluffs, Tisbury and West Tisbury in the county of Dukes; and the town of Nantucket in the county of Nantucket.",2017,,,,,,,,,,,,,A,,,,,,,,,,,,,,,,,,,,,,,,,,,,,,,,
,SEN,9,no,"DeMacedo, Vinny",(R),313A,N,N,N,N,N,N,N,N,N,N,N,N,N,N,N,N,,,,,,617-722-1330,Vinny.deMacedo@masenate.gov,@VinnyDeMacedo,facebook: State-Senator-Vinny-deMacedo,none,Plymouth and Barnstable,,,Plymouth and Barnstable,"the towns of Kingston, Pembroke and Plymouth in the county of Plymouth; and the towns of Bourne, Falmouth and Sandwich in the county of Barnstable.",2014,,,,,,,,,,,,,,A,,,,,,,,,,,,,,,,,,,,,,,,,,,,,,,
,SEN,10,no,"DiDomenico, Sal ",(D),208,Y,Y,Y,Y,Y,Y,Y,Y,Y,Y,Y,Y,Y,Y,Y,Y,,,,,,617-722-1650,Sal.DiDomenico@masenate.gov,@SenDiDomenico,facebook: Sal DiDomenico,saldidomenico.com,Middlesex and Suffolk,,,Middlesex and Suffolk,"the cities of Cambridge, ward 1, ward 2, precinct 1, ward 3, ward 4, precinct 2 and ward 6 to 8, inclusive, and Everett, all in the county of Middlesex; and the city of Boston, ward 2, ward 3, precinct 5, ward 21, precincts 4, 6 and 7, ward 22, precincts 1, 2 and 5; and the city of Chelsea, all in the county of Suffolk.",2010,,,,,,,,,,,,,,,A,,,,,,,,,,,,,,,,,,,,,,,,,,,,,,
,SEN,11,no,"Donnelly, Kenneth ",(D),413D,"Y
",Y,Y,N,Y,N,N,Y,Y,Y,Y,N,N,Y,Y,Y,,,,,,617-722-1432,Kenneth.Donnelly@masenate.gov,@SenKenDonnelly,facebook: Ken Donnelly,kendonnelly.org,Fourth Middlesex,,,Fourth Middlesex,"city of Woburn and the towns of Arlington, Billerica, Burlington and Lexington, precincts 1 and 2 and 4 to 7, inclusive, in the county of Middlesex.",2009,,,,,,,,,,,,,,,,A,,,,,,,,,,,,,,,,,,,,,,,,,,,,,
,SEN,12,no,"Donoghue, Eileen ",(D),112,N,N,N,N,Y,N,N,N,N,N,Y,Y,N,N,Y,N,,,,,,617-722-1630,Eileen.Donoghue@masenate.gov,@EileenDonoghue,facebook: State-Senator-Eileen-M-Donoghue,eileendonoghue.com,First Middlesex,,,First Middlesex,"city of Lowell and the towns of Dunstable, Groton, Pepperell, Tyngsborough and Westford in the county of Middlesex.",2011,,,,,,,,,,,,,,,,,A,,,,,,,,,,,,,,,,,,,,,,,,,,,,
,SEN,13,no,"Eldridge, James ",(D),218,Y,Y,Y,Y,Y,Y,Y,Y,Y,Y,Y,Y,Y,Y,Y,Y,,,,,,617-722-1120,James.Eldridge@masenate.gov,@JamieEldridgeMA,facebook: james.eldridge,senatoreldridge.com,Middlesex and Worcester,,,Middlesex and Worcester,"Marlborough and the towns of Acton, Ayer, Boxborough, Hudson, Littleton, Maynard, Shirley, Stow and Sudbury, precincts 2 and 3 all in the county of Middlesex; and the towns of Harvard, Northborough, precinct 3, Southborough and Westborough, all in the county of Worcester.",2009,,,,,,,,,,,,,,,,,,A,,,,,,,,,,,,,,,,,,,,,,,,,,,
,SEN,14,no,"Fattman, Ryan",(R),520,N,N,N,N,N,N,N,N,N,N,N,N,N,N,N,N,,,,,,617-722-1420,Ryan.Fattman@masenate.gov,@RyanFattman,facebook.com/ryan.fattman,fattman.com/,Worcester and Norfolk,,,Worcester and Norfolk,"the towns of Blackstone, Douglas, Dudley, Hopedale, Mendon, Milford, Millville, Northbridge, precincts 1 and 3, Oxford, Southbridge, Sutton, Uxbridge and Webster in the county of Worcester; and the town of Bellingham in the county of Norfolk.",2015,,,,,,,,,,,,,,,,,,,A,,,,,,,,,,,,,,,,,,,,,,,,,,
,SEN,15,no,"Flanagan, Jennifer ",(D),312D,N,Y,N,N,Y,N,N,N,N,N,Y,N,N,Y,N,N,,,,,,617-722-1230,Jennifer.Flanagan@masenate.gov,@JenFlanaganMA,facebook: SenJenFlanagan,jenflanagan.com,Worcester and Middlesex,,,Worcester and Middlesex,"Fitchburg, Gardner and Leominster and the towns of Berlin, Bolton, Clinton, precincts 1 and 2, Lancaster, Lunenburg, Sterling and Westminster in the county of Worcester; and the town of Townsend in the county of Middlesex.",2008,,,,,,,,,,,,,,,,,,,,A,,,,,,,,,,,,,,,,,,,,,,,,,
,SEN,16,no,"Forry, Linda Dorcena",(D),410,Y,Y,N,N,Y,N,Y,Y,Y,Y,Y,Y,N,N,N,N,,,,,,617-722-1150,Linda.DorcenaForry@masenate.gov,@ldforry,facebook.com/ldfforboston,lindadorcenaforry.com,First Suffolk,,,First Suffolk,"city of Boston, ward 1, precinct 15, ward 6, ward 7, ward 13, precincts 3, and 5 to 10, inclusive, ward 14, precincts 2, 4, 5 and 12 to 14, inclusive, ward 15, ward 16, ward 17, ward 18, precincts 1 to 6, inclusive, 13, 15 and 21, all in the county of Suffolk.",2013,,,,,,,,,,,,,,,,,,,,,A,,,,,,,,,,,,,,,,,,,,,,,,
,SEN,17,no,"Gobi, Anne",(D),513,N,Y,N,Y,Y,N,Y,Y,N,N,Y,Y,Y,N,Y,N,,,,,,617-722-1540,anne.gobi@masenate.gov,@AnneGobi,facebook: Anne-Gobi-State-Senate,annegobi.com,"Worcester, Hampden, Hampshire and Middlesex",,,"Worcester, Hampden, Hampshire and Middlesex","Ashburnham, Athol, Barre, Brookfield, Charlton, E. Brookfield, Hardwick, Hubbardston, New Braintree, North Brookfield, Oakham, Paxton, Petersham, Phillipston, Rutland, Spencer, Sturbridge, Templeton, Warren, W. Brookfield, Winchendon in Worcester Cnty; Brimfield, Holland, Monson, Palmer and Wales in Hampden county; Ware in Hampshire Cnty; Ashby in Middlesex Cty.",2014,,,,,,,,,,,,,,,,,,,,,,A,,,,,,,,,,,,,,,,,,,,,,,
,SEN,18,no,"Hinds, Adam",(D),413F,Y,Y,N,Y,Y,N,N,Y,N,N,Y,Y,Y,N,N,Y,,,,,,617-722-1625,adam.hinds@masenate.gov,@adamghinds,facebook: Senator Adam Hinds,adamhinds.org,"Berkshire, Hampshire, Franklin and Hampden",,,"Berkshire, Hampshire, Franklin and Hampden","cities and towns in Berkshire county; Chesterfield, Cummington, Goshen, Huntington, Middlefield, Plainfield, Westhampton, Williamsburg and Worthington in Hampshire county; and Ashfield, Buckland, Charlemont, Conway, Hawley, Heath, Monroe, Rowe and Shelburne in Franklin county; and Blandford and Chester in Hampden county.

",2017,,,,,,,,,,,,,,,,,,,,,,,A,,,,,,,,,,,,,,,,,,,,,,
,SEN,19,no,"Humason, Donald Jr. ",(R), 213A,N,N,N,N,N,N,N,N,N,N,N,N,N,N,N,N,,,,,,617-722-1415,Donald.Humason@masenate.gov,@SenDonHumason,facebook.com/DonHumason,donhumason.org,Second Hampden and Hampshire,,,Second Hampden and Hampshire,"the cities of Chicopee, ward 7, precincts A and B, ward 8, precinct A, ward 9, precinct A, Holyoke and Westfield and the towns of Agawam, Granville, Montgomery, Russell, Southwick and Tolland, in the county of Hampden; and the towns of Easthampton and Southampton in the county of Hampshire.",2013,,,,,,,,,,,,,,,,,,,,,,,,A,,,,,,,,,,,,,,,,,,,,,
,SEN,20,no,"Jehlen, Patricia ",(D),424,Y,Y,Y,Y,Y,Y,Y,Y,Y,Y,Y,Y,Y,Y,Y,Y,,,,,,617-722-1578,Patricia.Jehlen@masenate.gov,@patjehlen,facebook.com/SenPatJehlen,patjehlen.org,Second Middlesex,,,Second Middlesex," Cambridge, wards 9 to 11, inclusive, Medford and Somerville, and the town of Winchester, precincts 4 to 7, inclusive, in the county of Middlesex.",2005,,,,,,,,,,,,,,,,,,,,,,,,,A,,,,,,,,,,,,,,,,,,,,
,SEN,21,no,"Keenan, John ",(D),413B,Y,N,N,N,Y,N,N,N,N,N,Y,N,N,N,N,N,,,,,,617-722-1494,John.Keenan@masenate.gov,@SenJohnFKeenan,facebook.com/senjohnfkeenan‎,keenanforsenate.com,Norfolk and Plymouth,,,Norfolk and Plymouth," the city of Quincy and the towns of Braintree, precincts 3, 3A, 4, 4A, 5, 5A, 6 and 6A and Holbrook in the county of Norfolk; the towns of Abington and Rockland in the county of Plymouth.",2011,,,,,,,,,,,,,,,,,,,,,,,,,,A,,,,,,,,,,,,,,,,,,,
,SEN,22,no,"L'Italien, Barbara",(D),413C,Y,Y,N,Y,Y,N,Y,Y,N,N,Y,Y,Y,Y,Y,N,,,,,,617-722-1612,barbara.l'italien@masenate.gov,@TeamBarbara,facebook.com/teambarbara,http://teambarbara.com/,Second Essex and Middlesex,,,Second Essex and Middlesex, Lawrence and the town of Andover in the county of Essex; and the towns of Dracut and Tewksbury in the county of Middlesex.,2014,,,,,,,,,,,,,,,,,,,,,,,,,,,A,,,,,,,,,,,,,,,,,,
,SEN,23,no,"Lesser, Eric",(D),519,Y,Y,N,N,Y,N,N,N,N,N,Y,Y,Y,Y,N,N,,,,,,617-722-1291,eric.lesser@masenate.gov,@EricLesser,facebook.com/EricLesserMA,ericlesser.com,First Hampden and Hampshire,,,First Hampden and Hampshire,"Chicopee, ward 1, pcts A, B; ward 5, pct A, B, ward 6, pct A-B, ward 8, pct B, ward 9, pct B; Springfield, ward 2, pct G, ward 4, pct F, ward 5, pcts. D, F, G, H, ward 6, pcts B, D, H, ward 7 and ward 8, pct. A; E Longmeadow, Hampden, Longmeadow, Ludlow and Wilbraham in Hampden Cnty; Belchertown, Granby in Hampshire Cnty.",2014,,,,,,,,,,,,,,,,,,,,,,,,,,,,A,,,,,,,,,,,,,,,,,
Spilka,SEN,24,no,"Lewis, Jason",(D),511B,Y,Y,N,Y,Y,Y,Y,Y,Y,Y,Y,Y,Y,Y,Y,Y,,,,,,617-722-1206,Jason.Lewis@masenate.gov,@SenJasonLewis,facebook.com/SenJasonLewis,electjasonlewis.com/,Fifth Middlesex,,,Fifth Middlesex,,2014,,,,,,,,,,,,,,,,,,,,,,,,,,,,,A,,,,,,,,,,,,,,,,
,SEN,25,no,"Lovely, Joan ",(D),413A,N,Y,N,N,Y,N,N,N,N,N,Y,Y,N,Y,Y,N,,,,,,617-722-1410,Joan.Lovely@masenate.gov,@SenJoanLovely,facebook.com/SenatorLovely,joanlovely.com,Second Essex,,,Second Essex," the cities of Beverly, Peabody and Salem and the towns of Danvers and Topsfield in the county of Essex.",2013,,,,,,,,,,,,,,,,,,,,,,,,,,,,,,A,,,,,,,,,,,,,,,
,SEN,26,no,"McGee, Thomas ",(D),109C,Y,Y,Y,N,Y,N,Y,Y,Y,N,Y,Y,N,N,N,N,,,,,,617-722-1350,Thomas.McGee@masenate.gov,none,facebook: Thomas McGee,mcgeeforsenate.com,Third Essex,,,Third Essex,"the city of Lynn and the towns of Lynnfield, Marblehead, Nahant, Saugus and Swampscott in the county of Essex.",2002,,,,,,,,,,,,,,,,,,,,,,,,,,,,,,,A,,,,,,,,,,,,,,
,SEN,27,no,"Montigny, Mark ",(D),312C,Y,Y,N,N,N,N,N,N,Y,N,Y,N,Y,N,Y,N,,,,,,617-722-1440,Mark.Montigny@masenate.gov,none,none,none,Second Bristol and Plymouth,,,Second Bristol and Plymouth,"the city of New Bedford and the towns of Acushnet, Dartmouth and Fairhaven in the county of Bristol; and the town of Mattapoisett in the county of Plymouth.",1993,,,,,,,,,,,,,,,,,,,,,,,,,,,,,,,,A,,,,,,,,,,,,,
,SEN,28,no,"Moore, Michael ",(D),109B,Y,Y,N,N,Y,N,N,N,N,N,Y,N,N,Y,Y,N,,,,,,617-722-1485,Michael.Moore@masenate.gov,@SenMikeMoore,facebook:  SenatorMikeMoore,electmikemoore.com,Second Worcester,,,Second Worcester," the towns of Auburn, Grafton, Leicester, Millbury, Northbridge, precincts 2 and 4, Shrewsbury and Upton and the city of Worcester, wards 5 to 7, inclusive, and ward 8, precincts 1 and 5 in the county of Worcester.",2008,,,,,,,,,,,,,,,,,,,,,,,,,,,,,,,,,A,,,,,,,,,,,,
,SEN,29,no,"O'Connor Ives, Kathleen ",(D),215,N,N,N,N,N,N,N,N,N,N,Y,Y,N,N,Y,N,,,,,,617-722-1604,Kathleen.OConnorIves@masenate.gov,@KOConnorIves,facebook.com/oconnorives,voteforives.com,First Essex,,,First Essex,"the cities of Haverhill and Newburyport and the towns of Amesbury, Merrimac, Methuen, North Andover, precincts 1 to 4, inclusive, and Salisbury in the county of Essex.",2013,,,,,,,,,,,,,,,,,,,,,,,,,,,,,,,,,,,A,,,,,,,,,,
,SEN,30,no,"O'Connor, Patrick",(D),520,N,N,N,N,N,N,N,N,N,N,Y,N,N,N,Y,N,,,,,,617-722-1646,Patrick.OConnor@masenate.gov,none,facebook: pat.oconnor.399,oconnorforsenate.com,Plymouth and Norfolk,,,Plymouth and Norfolk,"towns of Duxbury, Hingham, Hull, Marshfield, Norwell and Scituate in the county of Plymouth; and the towns of Cohasset and Weymouth in the county of Norfolk.",,,,,,,,,,,,,,,,,,,,,,,,,,,,,,,,,,,A,,,,,,,,,,,
,SEN,31,no,"Pacheco, Marc ",(D),312B,N,Y,N,N,N,N,N,N,N,N,N,N,Y,N,N,Y,,,,,,617-722-1551,Marc.Pacheco@masenate.gov,@MarcRPacheco,none,marcpacheco.com,First Plymouth and Bristol,,,First Plymouth and Bristol," towns of Bridgewater, Carver, Marion, Middleborough and Wareham in the county of Plymouth; and the towns of Berkley, Dighton and Raynham, and the city of Taunton, all in the county of Bristol.",1993,,,,,,,,,,,,,,,,,,,,,,,,,,,,,,,,,,,,A,,,,,,,,,
,SEN,32,no,"Rodrigues, Michael ",(D),213B,N,N,N,N,N,N,N,N,N,N,N,N,N,N,N,N,,,,,,617-722-1114,Michael.Rodrigues@masenate.gov,@SenRodrigues,facebook: Michael Rodrigues,michaelrodrigues.org,First Bristol and Plymouth,,,First Bristol and Plymouth," the city of Fall River and the towns of Freetown, Somerset, Swansea and Westport in the county of Bristol; and the towns of Lakeville and Rochester in the county of Plymouth.",2011,,,,,,,,,,,,,,,,,,,,,,,,,,,,,,,,,,,,,A,,,,,,,,
,SEN,33,no,"Rosenberg, Stanley",(D),332,N,N,N,N,N,N,N,N,N,N,N,N,N,N,N,N,,,,,,617-722-1532,Stan.Rosenberg@masenate.gov,@SenStan,facebook: Stanley Rosenberg,stanrosenberg.com,"Hampshire, Franklin and Worcester",,,"Hampshire, Franklin and Worcester","city of Northampton and towns of Amherst, Hadley, Hatfield, Pelham, South Hadley in Hampshire cty; towns of Bernardston, Colrain, Deerfield, Erving, Gill, Greenfield, Leverett, Leyden, Montague, New Salem, Northfield, Orange, Shutesbury, Sunderland, Warwick, Wendell, Whatley in Franklin Cty; town of Royalston in Worcester cty",1991,,,,,,,,,,,,,,,,,,,,,,,,,,,,,,,,,,,,,,A,,,,,,,
,SEN,36,no,"Spilka, Karen ",(D),212,N,Y,N,N,N,N,N,N,N,N,N,N,N,N,N,N,,,,,,617-722-1640,Karen.Spilka@masenate.gov,@KarenSpilka,facebook.com/SenatorKarenSpilka,karenspilka.com,Second Middlesex and Norfolk,,,Second Middlesex and Norfolk,"the towns of Ashland, Framingham, Holliston, Hopkinton and Natick, precincts 1 to 5, inclusive, and 8, in the county of Middlesex; and the towns of Franklin, precincts 5, 6, and 8, and Medway in the county of Norfolk.",2004,,,,,,,,,,,,,,,,,,,,,,,,,,,,,,,,,,,,,,,,,A,,,,
,SEN,37,no,"Tarr, Bruce ",(R),308,N,N,N,N,N,N,N,N,N,N,N,N,N,N,N,N,,,,,,617-722-1600,Bruce.Tarr@masenate.gov,@SenBruceTarr,facebook: State-Senator-Bruce-Tarr,brucetarr.com,First Essex and Middlesex,,,First Essex and Middlesex,"Gloucester, Boxford, Essex, Georgetown, Groveland, Hamilton, Ipswich, Manchester-by-the-Sea, Middleton, Newbury, North Andover, precincts 2, 3, 5 and 7, Rockport, Rowley, Wenham and West Newbury, in the county of Essex; and North Reading and Wilmington, in the county of Middlesex.",1995,,,,,,,,,,,,,,,,,,,,,,,,,,,,,,,,,,,,,,,,,,A,,,
,SEN,38,no,"Timilty, James ",(D),507,N,Y,N,N,Y,N,N,N,N,N,Y,N,N,N,Y,N,,,,,,617 722-1222,James.Timilty@masenate.gov,@SenJimTimilty,facebook: James Timilty,jimtimilty.wordpress.com,Bristol and Norfolk,,,Bristol and Norfolk,"the city of Attleboro, ward 3, precinct B, ward 4, precincts A and B, ward 5, precincts A and B, ward 6, precincts A and B, and the towns of Mansfield, Norton, Rehoboth and Seekonk in the county of Bristol; and the towns of Foxborough, Medfield, Sharon, precincts 1, 4 and 5, and Walpole in the county of Norfolk.",2004,,,,,,,,,,,,,,,,,,,,,,,,,,,,,,,,,,,,,,,,,,,,A,
,SEN,39,no,"Timilty, Walter",(D),320,Y,Y,N,N,N,N,N,N,N,N,Y,N,Y,N,N,N,,,,,,617-722-1643,walter.timility@masenate.gov,@WalterFTimilty,facebook: walter.timilty,timilty4senate.com,"Norfolk, Bristol and Plymouth",,,"Norfolk, Bristol and Plymouth","The towns of Avon, Braintree, precincts 1, 1A, 2 and 2A, Canton, Milton, Randolph, Sharon, precincts 2 and 3, and Stoughton, all in the county of Norfolk; the town of Easton, precincts 3 to 6, inclusive, in the county of Bristol; and the towns of East Bridgewater, precinct 4, and West Bridgewater in the county of Plymouth.

",2004,,,,,,,,,,,,,,,,,,,,,,,,,,,,,,,,,,,,,,,,,,,A,,
,SEN,40,no,"Welch, James ",(D),309,Y,Y,N,N,N,N,N,N,N,N,N,N,N,N,N,N,,,,,,617-722-1660,James.Welch@masenate.gov,@Sen_Jim_Welch,none/not active,jimwelch.com,Hampden,,,Hampden,"the cities of Chicopee, ward 2, precincts A and B, ward 3, pcts A, B, ward 4, pcts A, B, and Springfield, ward 1, 2 pcts A-F, inclusive, and H, ward 3, ward 4, pcts A-E, inclusive, G-H, ward 5, precincts A to C, inclusive, and E, ward 6, pcts A, C, and E-G, inclusive, ward 8, pcts B to H, inclusive, and West Springfield in Hampden Cty.",2011,,,,,,,,,,,,,,,,,,,,,,,,,,,,,,,,,,,,,,,,,,,,,A
,,1.1,,,,,,,,,,,,,,,,,,,,,,,,,,,,,,,,,,,,,,,,,,,,,,,,,,,,,,,,,,,,,,,,,,,,,,,,,,,,,,,,,
,,2.1,,,,,,,,,,,,,,,,,,,,,,,,,,,,,,,,,,,,,,,,,,,,,,,,,,,,,,,,,,,,,,,,,,,,,,,,,,,,,,,,,
,,3.1,,,,,,,,,,,,,,,,,,,,,,,,,,,,,,,,,,,,,,,,,,,,,,,,,,,,,,,,,,,,,,,,,,,,,,,,,,,,,,,,,
,,4.1,,,,,,,,,,,,,,,,,,,,,,,,,,,,,,,,,,,,,,,,,,,,,,,,,,,,,,,,,,,,,,,,,,,,,,,,,,,,,,,,,
,,5.1,,,,,,,,,,,,,,,,,,,,,,,,,,,,,,,,,,,,,,,,,,,,,,,,,,,,,,,,,,,,,,,,,,,,,,,,,,,,,,,,,
,,6.1,,,,,,,,,,,,,,,,,,,,,,,,,,,,,,,,,,,,,,,,,,,,,,,,,,,,,,,,,,,,,,,,,,,,,,,,,,,,,,,,,
,,7.1,,,,,,,,,,,,,,,,,,,,,,,,,,,,,,,,,,,,,,,,,,,,,,,,,,,,,,,,,,,,,,,,,,,,,,,,,,,,,,,,,
,,8.1,,,,,,,,,,,,,,,,,,,,,,,,,,,,,,,,,,,,,,,,,,,,,,,,,,,,,,,,,,,,,,,,,,,,,,,,,,,,,,,,,
,,9.1,,,,,,,,,,,,,,,,,,,,,,,,,,,,,,,,,,,,,,,,,,,,,,,,,,,,,,,,,,,,,,,,,,,,,,,,,,,,,,,,,
,,10.1,,,,,,,,,,,,,,,,,,,,,,,,,,,,,,,,,,,,,,,,,,,,,,,,,,,,,,,,,,,,,,,,,,,,,,,,,,,,,,,,,
,,11.1,,,,,,,,,,,,,,,,,,,,,,,,,,,,,,,,,,,,,,,,,,,,,,,,,,,,,,,,,,,,,,,,,,,,,,,,,,,,,,,,,
,,12.1,,,,,,,,,,,,,,,,,,,,,,,,,,,,,,,,,,,,,,,,,,,,,,,,,,,,,,,,,,,,,,,,,,,,,,,,,,,,,,,,,
,,13.1,,,,,,,,,,,,,,,,,,,,,,,,,,,,,,,,,,,,,,,,,,,,,,,,,,,,,,,,,,,,,,,,,,,,,,,,,,,,,,,,,
,,14.1,,,,,,,,,,,,,,,,,,,,,,,,,,,,,,,,,,,,,,,,,,,,,,,,,,,,,,,,,,,,,,,,,,,,,,,,,,,,,,,,,
,,15.1,,,,,,,,,,,,,,,,,,,,,,,,,,,,,,,,,,,,,,,,,,,,,,,,,,,,,,,,,,,,,,,,,,,,,,,,,,,,,,,,,
,,16.1,,,,,,,,,,,,,,,,,,,,,,,,,,,,,,,,,,,,,,,,,,,,,,,,,,,,,,,,,,,,,,,,,,,,,,,,,,,,,,,,,
,,17.1,,,,,,,,,,,,,,,,,,,,,,,,,,,,,,,,,,,,,,,,,,,,,,,,,,,,,,,,,,,,,,,,,,,,,,,,,,,,,,,,,
,,18.1,,,,,,,,,,,,,,,,,,,,,,,,,,,,,,,,,,,,,,,,,,,,,,,,,,,,,,,,,,,,,,,,,,,,,,,,,,,,,,,,,
,,19.1,,,,,,,,,,,,,,,,,,,,,,,,,,,,,,,,,,,,,,,,,,,,,,,,,,,,,,,,,,,,,,,,,,,,,,,,,,,,,,,,,
,,20.1,,,,,,,,,,,,,,,,,,,,,,,,,,,,,,,,,,,,,,,,,,,,,,,,,,,,,,,,,,,,,,,,,,,,,,,,,,,,,,,,,
,,21.1,,,,,,,,,,,,,,,,,,,,,,,,,,,,,,,,,,,,,,,,,,,,,,,,,,,,,,,,,,,,,,,,,,,,,,,,,,,,,,,,,
,,22.1,,,,,,,,,,,,,,,,,,,,,,,,,,,,,,,,,,,,,,,,,,,,,,,,,,,,,,,,,,,,,,,,,,,,,,,,,,,,,,,,,
,,23.1,,,,,,,,,,,,,,,,,,,,,,,,,,,,,,,,,,,,,,,,,,,,,,,,,,,,,,,,,,,,,,,,,,,,,,,,,,,,,,,,,
,,24.1,,,,,,,,,,,,,,,,,,,,,,,,,,,,,,,,,,,,,,,,,,,,,,,,,,,,,,,,,,,,,,,,,,,,,,,,,,,,,,,,,
,,25.1,,,,,,,,,,,,,,,,,,,,,,,,,,,,,,,,,,,,,,,,,,,,,,,,,,,,,,,,,,,,,,,,,,,,,,,,,,,,,,,,,
,,26.1,,,,,,,,,,,,,,,,,,,,,,,,,,,,,,,,,,,,,,,,,,,,,,,,,,,,,,,,,,,,,,,,,,,,,,,,,,,,,,,,,
,,27.1,,,,,,,,,,,,,,,,,,,,,,,,,,,,,,,,,,,,,,,,,,,,,,,,,,,,,,,,,,,,,,,,,,,,,,,,,,,,,,,,,
,,28.1,,,,,,,,,,,,,,,,,,,,,,,,,,,,,,,,,,,,,,,,,,,,,,,,,,,,,,,,,,,,,,,,,,,,,,,,,,,,,,,,,
,,29.1,,,,,,,,,,,,,,,,,,,,,,,,,,,,,,,,,,,,,,,,,,,,,,,,,,,,,,,,,,,,,,,,,,,,,,,,,,,,,,,,,
,,30.1,,,,,,,,,,,,,,,,,,,,,,,,,,,,,,,,,,,,,,,,,,,,,,,,,,,,,,,,,,,,,,,,,,,,,,,,,,,,,,,,,
,,31.1,,,,,,,,,,,,,,,,,,,,,,,,,,,,,,,,,,,,,,,,,,,,,,,,,,,,,,,,,,,,,,,,,,,,,,,,,,,,,,,,,
,,32.1,,,,,,,,,,,,,,,,,,,,,,,,,,,,,,,,,,,,,,,,,,,,,,,,,,,,,,,,,,,,,,,,,,,,,,,,,,,,,,,,,
,,33.1,,,,,,,,,,,,,,,,,,,,,,,,,,,,,,,,,,,,,,,,,,,,,,,,,,,,,,,,,,,,,,,,,,,,,,,,,,,,,,,,,
,,34.1,,,,,,,,,,,,,,,,,,,,,,,,,,,,,,,,,,,,,,,,,,,,,,,,,,,,,,,,,,,,,,,,,,,,,,,,,,,,,,,,,
,,35.1,,,,,,,,,,,,,,,,,,,,,,,,,,,,,,,,,,,,,,,,,,,,,,,,,,,,,,,,,,,,,,,,,,,,,,,,,,,,,,,,,
,,36.1,,,,,,,,,,,,,,,,,,,,,,,,,,,,,,,,,,,,,,,,,,,,,,,,,,,,,,,,,,,,,,,,,,,,,,,,,,,,,,,,,
,,37.1,,,,,,,,,,,,,,,,,,,,,,,,,,,,,,,,,,,,,,,,,,,,,,,,,,,,,,,,,,,,,,,,,,,,,,,,,,,,,,,,,
,,38.1,,,,,,,,,,,,,,,,,,,,,,,,,,,,,,,,,,,,,,,,,,,,,,,,,,,,,,,,,,,,,,,,,,,,,,,,,,,,,,,,,
,,39.1,,,,,,,,,,,,,,,,,,,,,,,,,,,,,,,,,,,,,,,,,,,,,,,,,,,,,,,,,,,,,,,,,,,,,,,,,,,,,,,,,
,,40.1,,,,,,,,,,,,,,,,,,,,,,,,,,,,,,,,,,,,,,,,,,,,,,,,,,,,,,,,,,,,,,,,,,,,,,,,,,,,,,,,,
,,41.1,,,,,,,,,,,,,,,,,,,,,,,,,,,,,,,,,,,,,,,,,,,,,,,,,,,,,,,,,,,,,,,,,,,,,,,,,,,,,,,,,
,,42.1,,,,,,,,,,,,,,,,,,,,,,,,,,,,,,,,,,,,,,,,,,,,,,,,,,,,,,,,,,,,,,,,,,,,,,,,,,,,,,,,,
,,43.1,,,,,,,,,,,,,,,,,,,,,,,,,,,,,,,,,,,,,,,,,,,,,,,,,,,,,,,,,,,,,,,,,,,,,,,,,,,,,,,,,
,,44.1,,,,,,,,,,,,,,,,,,,,,,,,,,,,,,,,,,,,,,,,,,,,,,,,,,,,,,,,,,,,,,,,,,,,,,,,,,,,,,,,,
,,45.1,,,,,,,,,,,,,,,,,,,,,,,,,,,,,,,,,,,,,,,,,,,,,,,,,,,,,,,,,,,,,,,,,,,,,,,,,,,,,,,,,
,,46.1,,,,,,,,,,,,,,,,,,,,,,,,,,,,,,,,,,,,,,,,,,,,,,,,,,,,,,,,,,,,,,,,,,,,,,,,,,,,,,,,,
,,47.1,,,,,,,,,,,,,,,,,,,,,,,,,,,,,,,,,,,,,,,,,,,,,,,,,,,,,,,,,,,,,,,,,,,,,,,,,,,,,,,,,
,,48.1,,,,,,,,,,,,,,,,,,,,,,,,,,,,,,,,,,,,,,,,,,,,,,,,,,,,,,,,,,,,,,,,,,,,,,,,,,,,,,,,,
,,49.1,,,,,,,,,,,,,,,,,,,,,,,,,,,,,,,,,,,,,,,,,,,,,,,,,,,,,,,,,,,,,,,,,,,,,,,,,,,,,,,,,
,,50.1,,,,,,,,,,,,,,,,,,,,,,,,,,,,,,,,,,,,,,,,,,,,,,,,,,,,,,,,,,,,,,,,,,,,,,,,,,,,,,,,,
,,51.1,,,,,,,,,,,,,,,,,,,,,,,,,,,,,,,,,,,,,,,,,,,,,,,,,,,,,,,,,,,,,,,,,,,,,,,,,,,,,,,,,
,,52.1,,,,,,,,,,,,,,,,,,,,,,,,,,,,,,,,,,,,,,,,,,,,,,,,,,,,,,,,,,,,,,,,,,,,,,,,,,,,,,,,,
,,53.1,,,,,,,,,,,,,,,,,,,,,,,,,,,,,,,,,,,,,,,,,,,,,,,,,,,,,,,,,,,,,,,,,,,,,,,,,,,,,,,,,
,,54.1,,,,,,,,,,,,,,,,,,,,,,,,,,,,,,,,,,,,,,,,,,,,,,,,,,,,,,,,,,,,,,,,,,,,,,,,,,,,,,,,,
,,55.1,,,,,,,,,,,,,,,,,,,,,,,,,,,,,,,,,,,,,,,,,,,,,,,,,,,,,,,,,,,,,,,,,,,,,,,,,,,,,,,,,
,,56.1,,,,,,,,,,,,,,,,,,,,,,,,,,,,,,,,,,,,,,,,,,,,,,,,,,,,,,,,,,,,,,,,,,,,,,,,,,,,,,,,,
,,57.1,,,,,,,,,,,,,,,,,,,,,,,,,,,,,,,,,,,,,,,,,,,,,,,,,,,,,,,,,,,,,,,,,,,,,,,,,,,,,,,,,
,,58.1,,,,,,,,,,,,,,,,,,,,,,,,,,,,,,,,,,,,,,,,,,,,,,,,,,,,,,,,,,,,,,,,,,,,,,,,,,,,,,,,,
,,59.1,,,,,,,,,,,,,,,,,,,,,,,,,,,,,,,,,,,,,,,,,,,,,,,,,,,,,,,,,,,,,,,,,,,,,,,,,,,,,,,,,
,,60.1,,,,,,,,,,,,,,,,,,,,,,,,,,,,,,,,,,,,,,,,,,,,,,,,,,,,,,,,,,,,,,,,,,,,,,,,,,,,,,,,,
,,61.1,,,,,,,,,,,,,,,,,,,,,,,,,,,,,,,,,,,,,,,,,,,,,,,,,,,,,,,,,,,,,,,,,,,,,,,,,,,,,,,,,
,,62.1,,,,,,,,,,,,,,,,,,,,,,,,,,,,,,,,,,,,,,,,,,,,,,,,,,,,,,,,,,,,,,,,,,,,,,,,,,,,,,,,,
,,63.1,,,,,,,,,,,,,,,,,,,,,,,,,,,,,,,,,,,,,,,,,,,,,,,,,,,,,,,,,,,,,,,,,,,,,,,,,,,,,,,,,
,,64.1,,,,,,,,,,,,,,,,,,,,,,,,,,,,,,,,,,,,,,,,,,,,,,,,,,,,,,,,,,,,,,,,,,,,,,,,,,,,,,,,,
,,65.1,,,,,,,,,,,,,,,,,,,,,,,,,,,,,,,,,,,,,,,,,,,,,,,,,,,,,,,,,,,,,,,,,,,,,,,,,,,,,,,,,
,,66.1,,,,,,,,,,,,,,,,,,,,,,,,,,,,,,,,,,,,,,,,,,,,,,,,,,,,,,,,,,,,,,,,,,,,,,,,,,,,,,,,,
,,67.1,,,,,,,,,,,,,,,,,,,,,,,,,,,,,,,,,,,,,,,,,,,,,,,,,,,,,,,,,,,,,,,,,,,,,,,,,,,,,,,,,
,,68.1,,,,,,,,,,,,,,,,,,,,,,,,,,,,,,,,,,,,,,,,,,,,,,,,,,,,,,,,,,,,,,,,,,,,,,,,,,,,,,,,,
,,69.1,,,,,,,,,,,,,,,,,,,,,,,,,,,,,,,,,,,,,,,,,,,,,,,,,,,,,,,,,,,,,,,,,,,,,,,,,,,,,,,,,
,,70.1,,,,,,,,,,,,,,,,,,,,,,,,,,,,,,,,,,,,,,,,,,,,,,,,,,,,,,,,,,,,,,,,,,,,,,,,,,,,,,,,,
,,71.1,,,,,,,,,,,,,,,,,,,,,,,,,,,,,,,,,,,,,,,,,,,,,,,,,,,,,,,,,,,,,,,,,,,,,,,,,,,,,,,,,
,,72.1,,,,,,,,,,,,,,,,,,,,,,,,,,,,,,,,,,,,,,,,,,,,,,,,,,,,,,,,,,,,,,,,,,,,,,,,,,,,,,,,,
,,73.1,,,,,,,,,,,,,,,,,,,,,,,,,,,,,,,,,,,,,,,,,,,,,,,,,,,,,,,,,,,,,,,,,,,,,,,,,,,,,,,,,
,,74.1,,,,,,,,,,,,,,,,,,,,,,,,,,,,,,,,,,,,,,,,,,,,,,,,,,,,,,,,,,,,,,,,,,,,,,,,,,,,,,,,,
,,75.1,,,,,,,,,,,,,,,,,,,,,,,,,,,,,,,,,,,,,,,,,,,,,,,,,,,,,,,,,,,,,,,,,,,,,,,,,,,,,,,,,
,,76.1,,,,,,,,,,,,,,,,,,,,,,,,,,,,,,,,,,,,,,,,,,,,,,,,,,,,,,,,,,,,,,,,,,,,,,,,,,,,,,,,,
,,77.1,,,,,,,,,,,,,,,,,,,,,,,,,,,,,,,,,,,,,,,,,,,,,,,,,,,,,,,,,,,,,,,,,,,,,,,,,,,,,,,,,
,,78.1,,,,,,,,,,,,,,,,,,,,,,,,,,,,,,,,,,,,,,,,,,,,,,,,,,,,,,,,,,,,,,,,,,,,,,,,,,,,,,,,,
,,79.1,,,,,,,,,,,,,,,,,,,,,,,,,,,,,,,,,,,,,,,,,,,,,,,,,,,,,,,,,,,,,,,,,,,,,,,,,,,,,,,,,
,,80.1,,,,,,,,,,,,,,,,,,,,,,,,,,,,,,,,,,,,,,,,,,,,,,,,,,,,,,,,,,,,,,,,,,,,,,,,,,,,,,,,,
,,81.1,,,,,,,,,,,,,,,,,,,,,,,,,,,,,,,,,,,,,,,,,,,,,,,,,,,,,,,,,,,,,,,,,,,,,,,,,,,,,,,,,
,,82.1,,,,,,,,,,,,,,,,,,,,,,,,,,,,,,,,,,,,,,,,,,,,,,,,,,,,,,,,,,,,,,,,,,,,,,,,,,,,,,,,,
,,83.1,,,,,,,,,,,,,,,,,,,,,,,,,,,,,,,,,,,,,,,,,,,,,,,,,,,,,,,,,,,,,,,,,,,,,,,,,,,,,,,,,
,,84.1,,,,,,,,,,,,,,,,,,,,,,,,,,,,,,,,,,,,,,,,,,,,,,,,,,,,,,,,,,,,,,,,,,,,,,,,,,,,,,,,,
,,85.1,,,,,,,,,,,,,,,,,,,,,,,,,,,,,,,,,,,,,,,,,,,,,,,,,,,,,,,,,,,,,,,,,,,,,,,,,,,,,,,,,
,,86.1,,,,,,,,,,,,,,,,,,,,,,,,,,,,,,,,,,,,,,,,,,,,,,,,,,,,,,,,,,,,,,,,,,,,,,,,,,,,,,,,,
,,87.1,,,,,,,,,,,,,,,,,,,,,,,,,,,,,,,,,,,,,,,,,,,,,,,,,,,,,,,,,,,,,,,,,,,,,,,,,,,,,,,,,
,,88.1,,,,,,,,,,,,,,,,,,,,,,,,,,,,,,,,,,,,,,,,,,,,,,,,,,,,,,,,,,,,,,,,,,,,,,,,,,,,,,,,,
,,89.1,,,,,,,,,,,,,,,,,,,,,,,,,,,,,,,,,,,,,,,,,,,,,,,,,,,,,,,,,,,,,,,,,,,,,,,,,,,,,,,,,
,,90.1,,,,,,,,,,,,,,,,,,,,,,,,,,,,,,,,,,,,,,,,,,,,,,,,,,,,,,,,,,,,,,,,,,,,,,,,,,,,,,,,,
,,91.1,,,,,,,,,,,,,,,,,,,,,,,,,,,,,,,,,,,,,,,,,,,,,,,,,,,,,,,,,,,,,,,,,,,,,,,,,,,,,,,,,
,,92.1,,,,,,,,,,,,,,,,,,,,,,,,,,,,,,,,,,,,,,,,,,,,,,,,,,,,,,,,,,,,,,,,,,,,,,,,,,,,,,,,,
,,93.1,,,,,,,,,,,,,,,,,,,,,,,,,,,,,,,,,,,,,,,,,,,,,,,,,,,,,,,,,,,,,,,,,,,,,,,,,,,,,,,,,
,,94.1,,,,,,,,,,,,,,,,,,,,,,,,,,,,,,,,,,,,,,,,,,,,,,,,,,,,,,,,,,,,,,,,,,,,,,,,,,,,,,,,,
,,95.1,,,,,,,,,,,,,,,,,,,,,,,,,,,,,,,,,,,,,,,,,,,,,,,,,,,,,,,,,,,,,,,,,,,,,,,,,,,,,,,,,
,,96.1,,,,,,,,,,,,,,,,,,,,,,,,,,,,,,,,,,,,,,,,,,,,,,,,,,,,,,,,,,,,,,,,,,,,,,,,,,,,,,,,,
,,97.1,,,,,,,,,,,,,,,,,,,,,,,,,,,,,,,,,,,,,,,,,,,,,,,,,,,,,,,,,,,,,,,,,,,,,,,,,,,,,,,,,
,,98.1,,,,,,,,,,,,,,,,,,,,,,,,,,,,,,,,,,,,,,,,,,,,,,,,,,,,,,,,,,,,,,,,,,,,,,,,,,,,,,,,,
,,99.1,,,,,,,,,,,,,,,,,,,,,,,,,,,,,,,,,,,,,,,,,,,,,,,,,,,,,,,,,,,,,,,,,,,,,,,,,,,,,,,,,
,,100.1,,,,,,,,,,,,,,,,,,,,,,,,,,,,,,,,,,,,,,,,,,,,,,,,,,,,,,,,,,,,,,,,,,,,,,,,,,,,,,,,,
,,101.1,,,,,,,,,,,,,,,,,,,,,,,,,,,,,,,,,,,,,,,,,,,,,,,,,,,,,,,,,,,,,,,,,,,,,,,,,,,,,,,,,
,,102.1,,,,,,,,,,,,,,,,,,,,,,,,,,,,,,,,,,,,,,,,,,,,,,,,,,,,,,,,,,,,,,,,,,,,,,,,,,,,,,,,,
,,103.1,,,,,,,,,,,,,,,,,,,,,,,,,,,,,,,,,,,,,,,,,,,,,,,,,,,,,,,,,,,,,,,,,,,,,,,,,,,,,,,,,
,,104.1,,,,,,,,,,,,,,,,,,,,,,,,,,,,,,,,,,,,,,,,,,,,,,,,,,,,,,,,,,,,,,,,,,,,,,,,,,,,,,,,,
,,105.1,,,,,,,,,,,,,,,,,,,,,,,,,,,,,,,,,,,,,,,,,,,,,,,,,,,,,,,,,,,,,,,,,,,,,,,,,,,,,,,,,
,,106.1,,,,,,,,,,,,,,,,,,,,,,,,,,,,,,,,,,,,,,,,,,,,,,,,,,,,,,,,,,,,,,,,,,,,,,,,,,,,,,,,,
,,107.1,,,,,,,,,,,,,,,,,,,,,,,,,,,,,,,,,,,,,,,,,,,,,,,,,,,,,,,,,,,,,,,,,,,,,,,,,,,,,,,,,
,,108.1,,,,,,,,,,,,,,,,,,,,,,,,,,,,,,,,,,,,,,,,,,,,,,,,,,,,,,,,,,,,,,,,,,,,,,,,,,,,,,,,,
,,109.1,,,,,,,,,,,,,,,,,,,,,,,,,,,,,,,,,,,,,,,,,,,,,,,,,,,,,,,,,,,,,,,,,,,,,,,,,,,,,,,,,
,,110.1,,,,,,,,,,,,,,,,,,,,,,,,,,,,,,,,,,,,,,,,,,,,,,,,,,,,,,,,,,,,,,,,,,,,,,,,,,,,,,,,,
,,111.1,,,,,,,,,,,,,,,,,,,,,,,,,,,,,,,,,,,,,,,,,,,,,,,,,,,,,,,,,,,,,,,,,,,,,,,,,,,,,,,,,
,,112.1,,,,,,,,,,,,,,,,,,,,,,,,,,,,,,,,,,,,,,,,,,,,,,,,,,,,,,,,,,,,,,,,,,,,,,,,,,,,,,,,,
,,113.1,,,,,,,,,,,,,,,,,,,,,,,,,,,,,,,,,,,,,,,,,,,,,,,,,,,,,,,,,,,,,,,,,,,,,,,,,,,,,,,,,
,,114.1,,,,,,,,,,,,,,,,,,,,,,,,,,,,,,,,,,,,,,,,,,,,,,,,,,,,,,,,,,,,,,,,,,,,,,,,,,,,,,,,,
,,115.1,,,,,,,,,,,,,,,,,,,,,,,,,,,,,,,,,,,,,,,,,,,,,,,,,,,,,,,,,,,,,,,,,,,,,,,,,,,,,,,,,
,,116.1,,,,,,,,,,,,,,,,,,,,,,,,,,,,,,,,,,,,,,,,,,,,,,,,,,,,,,,,,,,,,,,,,,,,,,,,,,,,,,,,,
,,117.1,,,,,,,,,,,,,,,,,,,,,,,,,,,,,,,,,,,,,,,,,,,,,,,,,,,,,,,,,,,,,,,,,,,,,,,,,,,,,,,,,
,,118.1,,,,,,,,,,,,,,,,,,,,,,,,,,,,,,,,,,,,,,,,,,,,,,,,,,,,,,,,,,,,,,,,,,,,,,,,,,,,,,,,,
,,119.1,,,,,,,,,,,,,,,,,,,,,,,,,,,,,,,,,,,,,,,,,,,,,,,,,,,,,,,,,,,,,,,,,,,,,,,,,,,,,,,,,
,,120.1,,,,,,,,,,,,,,,,,,,,,,,,,,,,,,,,,,,,,,,,,,,,,,,,,,,,,,,,,,,,,,,,,,,,,,,,,,,,,,,,,
,,121.1,,,,,,,,,,,,,,,,,,,,,,,,,,,,,,,,,,,,,,,,,,,,,,,,,,,,,,,,,,,,,,,,,,,,,,,,,,,,,,,,,
,,122.1,,,,,,,,,,,,,,,,,,,,,,,,,,,,,,,,,,,,,,,,,,,,,,,,,,,,,,,,,,,,,,,,,,,,,,,,,,,,,,,,,
,,123.1,,,,,,,,,,,,,,,,,,,,,,,,,,,,,,,,,,,,,,,,,,,,,,,,,,,,,,,,,,,,,,,,,,,,,,,,,,,,,,,,,
,,124.1,,,,,,,,,,,,,,,,,,,,,,,,,,,,,,,,,,,,,,,,,,,,,,,,,,,,,,,,,,,,,,,,,,,,,,,,,,,,,,,,,
,,125.1,,,,,,,,,,,,,,,,,,,,,,,,,,,,,,,,,,,,,,,,,,,,,,,,,,,,,,,,,,,,,,,,,,,,,,,,,,,,,,,,,
,,126.1,,,,,,,,,,,,,,,,,,,,,,,,,,,,,,,,,,,,,,,,,,,,,,,,,,,,,,,,,,,,,,,,,,,,,,,,,,,,,,,,,
,,127.1,,,,,,,,,,,,,,,,,,,,,,,,,,,,,,,,,,,,,,,,,,,,,,,,,,,,,,,,,,,,,,,,,,,,,,,,,,,,,,,,,
,,128.1,,,,,,,,,,,,,,,,,,,,,,,,,,,,,,,,,,,,,,,,,,,,,,,,,,,,,,,,,,,,,,,,,,,,,,,,,,,,,,,,,
,,129.1,,,,,,,,,,,,,,,,,,,,,,,,,,,,,,,,,,,,,,,,,,,,,,,,,,,,,,,,,,,,,,,,,,,,,,,,,,,,,,,,,
,,130.1,,,,,,,,,,,,,,,,,,,,,,,,,,,,,,,,,,,,,,,,,,,,,,,,,,,,,,,,,,,,,,,,,,,,,,,,,,,,,,,,,
,,131.1,,,,,,,,,,,,,,,,,,,,,,,,,,,,,,,,,,,,,,,,,,,,,,,,,,,,,,,,,,,,,,,,,,,,,,,,,,,,,,,,,
,,132.1,,,,,,,,,,,,,,,,,,,,,,,,,,,,,,,,,,,,,,,,,,,,,,,,,,,,,,,,,,,,,,,,,,,,,,,,,,,,,,,,,
,,133.1,,,,,,,,,,,,,,,,,,,,,,,,,,,,,,,,,,,,,,,,,,,,,,,,,,,,,,,,,,,,,,,,,,,,,,,,,,,,,,,,,
,,134.1,,,,,,,,,,,,,,,,,,,,,,,,,,,,,,,,,,,,,,,,,,,,,,,,,,,,,,,,,,,,,,,,,,,,,,,,,,,,,,,,,
,,135.1,,,,,,,,,,,,,,,,,,,,,,,,,,,,,,,,,,,,,,,,,,,,,,,,,,,,,,,,,,,,,,,,,,,,,,,,,,,,,,,,,
,,136.1,,,,,,,,,,,,,,,,,,,,,,,,,,,,,,,,,,,,,,,,,,,,,,,,,,,,,,,,,,,,,,,,,,,,,,,,,,,,,,,,,
,,137.1,,,,,,,,,,,,,,,,,,,,,,,,,,,,,,,,,,,,,,,,,,,,,,,,,,,,,,,,,,,,,,,,,,,,,,,,,,,,,,,,,
,,138.1,,,,,,,,,,,,,,,,,,,,,,,,,,,,,,,,,,,,,,,,,,,,,,,,,,,,,,,,,,,,,,,,,,,,,,,,,,,,,,,,,
,,139.1,,,,,,,,,,,,,,,,,,,,,,,,,,,,,,,,,,,,,,,,,,,,,,,,,,,,,,,,,,,,,,,,,,,,,,,,,,,,,,,,,
,,140.1,,,,,,,,,,,,,,,,,,,,,,,,,,,,,,,,,,,,,,,,,,,,,,,,,,,,,,,,,,,,,,,,,,,,,,,,,,,,,,,,,
,,141.1,,,,,,,,,,,,,,,,,,,,,,,,,,,,,,,,,,,,,,,,,,,,,,,,,,,,,,,,,,,,,,,,,,,,,,,,,,,,,,,,,
,,142.1,,,,,,,,,,,,,,,,,,,,,,,,,,,,,,,,,,,,,,,,,,,,,,,,,,,,,,,,,,,,,,,,,,,,,,,,,,,,,,,,,
,,143.1,,,,,,,,,,,,,,,,,,,,,,,,,,,,,,,,,,,,,,,,,,,,,,,,,,,,,,,,,,,,,,,,,,,,,,,,,,,,,,,,,
,,144.1,,,,,,,,,,,,,,,,,,,,,,,,,,,,,,,,,,,,,,,,,,,,,,,,,,,,,,,,,,,,,,,,,,,,,,,,,,,,,,,,,
,,145.1,,,,,,,,,,,,,,,,,,,,,,,,,,,,,,,,,,,,,,,,,,,,,,,,,,,,,,,,,,,,,,,,,,,,,,,,,,,,,,,,,
,,146.1,,,,,,,,,,,,,,,,,,,,,,,,,,,,,,,,,,,,,,,,,,,,,,,,,,,,,,,,,,,,,,,,,,,,,,,,,,,,,,,,,
,,147.1,,,,,,,,,,,,,,,,,,,,,,,,,,,,,,,,,,,,,,,,,,,,,,,,,,,,,,,,,,,,,,,,,,,,,,,,,,,,,,,,,
,,148.1,,,,,,,,,,,,,,,,,,,,,,,,,,,,,,,,,,,,,,,,,,,,,,,,,,,,,,,,,,,,,,,,,,,,,,,,,,,,,,,,,
,,149.1,,,,,,,,,,,,,,,,,,,,,,,,,,,,,,,,,,,,,,,,,,,,,,,,,,,,,,,,,,,,,,,,,,,,,,,,,,,,,,,,,
,,150.1,,,,,,,,,,,,,,,,,,,,,,,,,,,,,,,,,,,,,,,,,,,,,,,,,,,,,,,,,,,,,,,,,,,,,,,,,,,,,,,,,
,,151.1,,,,,,,,,,,,,,,,,,,,,,,,,,,,,,,,,,,,,,,,,,,,,,,,,,,,,,,,,,,,,,,,,,,,,,,,,,,,,,,,,
,,152.1,,,,,,,,,,,,,,,,,,,,,,,,,,,,,,,,,,,,,,,,,,,,,,,,,,,,,,,,,,,,,,,,,,,,,,,,,,,,,,,,,
,,153.1,,,,,,,,,,,,,,,,,,,,,,,,,,,,,,,,,,,,,,,,,,,,,,,,,,,,,,,,,,,,,,,,,,,,,,,,,,,,,,,,,
,,154.1,,,,,,,,,,,,,,,,,,,,,,,,,,,,,,,,,,,,,,,,,,,,,,,,,,,,,,,,,,,,,,,,,,,,,,,,,,,,,,,,,
,,155.1,,,,,,,,,,,,,,,,,,,,,,,,,,,,,,,,,,,,,,,,,,,,,,,,,,,,,,,,,,,,,,,,,,,,,,,,,,,,,,,,,
,,156.1,,,,,,,,,,,,,,,,,,,,,,,,,,,,,,,,,,,,,,,,,,,,,,,,,,,,,,,,,,,,,,,,,,,,,,,,,,,,,,,,,
,,157.1,,,,,,,,,,,,,,,,,,,,,,,,,,,,,,,,,,,,,,,,,,,,,,,,,,,,,,,,,,,,,,,,,,,,,,,,,,,,,,,,,
,,158.1,,,,,,,,,,,,,,,,,,,,,,,,,,,,,,,,,,,,,,,,,,,,,,,,,,,,,,,,,,,,,,,,,,,,,,,,,,,,,,,,,
,,159.1,,,,,,,,,,,,,,,,,,,,,,,,,,,,,,,,,,,,,,,,,,,,,,,,,,,,,,,,,,,,,,,,,,,,,,,,,,,,,,,,,
,,160.1,,,,,,,,,,,,,,,,,,,,,,,,,,,,,,,,,,,,,,,,,,,,,,,,,,,,,,,,,,,,,,,,,,,,,,,,,,,,,,,,,
,,,1.1,,,,,,,,,,,,,,,,,,,,,,,,,,,,,,,,,,,,,,,,,,,,,,,,,,,,,,,,,,,,,,,,,,,,,,,,,,,,,,,,
,,,2.1,,,,,,,,,,,,,,,,,,,,,,,,,,,,,,,,,,,,,,,,,,,,,,,,,,,,,,,,,,,,,,,,,,,,,,,,,,,,,,,,
,,,3.1,,,,,,,,,,,,,,,,,,,,,,,,,,,,,,,,,,,,,,,,,,,,,,,,,,,,,,,,,,,,,,,,,,,,,,,,,,,,,,,,
,,,4.1,,,,,,,,,,,,,,,,,,,,,,,,,,,,,,,,,,,,,,,,,,,,,,,,,,,,,,,,,,,,,,,,,,,,,,,,,,,,,,,,
,,,5.1,,,,,,,,,,,,,,,,,,,,,,,,,,,,,,,,,,,,,,,,,,,,,,,,,,,,,,,,,,,,,,,,,,,,,,,,,,,,,,,,
,,,6.1,,,,,,,,,,,,,,,,,,,,,,,,,,,,,,,,,,,,,,,,,,,,,,,,,,,,,,,,,,,,,,,,,,,,,,,,,,,,,,,,
,,,7.1,,,,,,,,,,,,,,,,,,,,,,,,,,,,,,,,,,,,,,,,,,,,,,,,,,,,,,,,,,,,,,,,,,,,,,,,,,,,,,,,
,,,8.1,,,,,,,,,,,,,,,,,,,,,,,,,,,,,,,,,,,,,,,,,,,,,,,,,,,,,,,,,,,,,,,,,,,,,,,,,,,,,,,,
,,,9.1,,,,,,,,,,,,,,,,,,,,,,,,,,,,,,,,,,,,,,,,,,,,,,,,,,,,,,,,,,,,,,,,,,,,,,,,,,,,,,,,
,,,10.1,,,,,,,,,,,,,,,,,,,,,,,,,,,,,,,,,,,,,,,,,,,,,,,,,,,,,,,,,,,,,,,,,,,,,,,,,,,,,,,,
,,,11.1,,,,,,,,,,,,,,,,,,,,,,,,,,,,,,,,,,,,,,,,,,,,,,,,,,,,,,,,,,,,,,,,,,,,,,,,,,,,,,,,
,,,12.1,,,,,,,,,,,,,,,,,,,,,,,,,,,,,,,,,,,,,,,,,,,,,,,,,,,,,,,,,,,,,,,,,,,,,,,,,,,,,,,,
,,,13.1,,,,,,,,,,,,,,,,,,,,,,,,,,,,,,,,,,,,,,,,,,,,,,,,,,,,,,,,,,,,,,,,,,,,,,,,,,,,,,,,
,,,14.1,,,,,,,,,,,,,,,,,,,,,,,,,,,,,,,,,,,,,,,,,,,,,,,,,,,,,,,,,,,,,,,,,,,,,,,,,,,,,,,,
,,,15.1,,,,,,,,,,,,,,,,,,,,,,,,,,,,,,,,,,,,,,,,,,,,,,,,,,,,,,,,,,,,,,,,,,,,,,,,,,,,,,,,
,,,16.1,,,,,,,,,,,,,,,,,,,,,,,,,,,,,,,,,,,,,,,,,,,,,,,,,,,,,,,,,,,,,,,,,,,,,,,,,,,,,,,,
,,,17.1,,,,,,,,,,,,,,,,,,,,,,,,,,,,,,,,,,,,,,,,,,,,,,,,,,,,,,,,,,,,,,,,,,,,,,,,,,,,,,,,
,,,18.1,,,,,,,,,,,,,,,,,,,,,,,,,,,,,,,,,,,,,,,,,,,,,,,,,,,,,,,,,,,,,,,,,,,,,,,,,,,,,,,,
,,,19.2,,,,,,,,,,,,,,,,,,,,,,,,,,,,,,,,,,,,,,,,,,,,,,,,,,,,,,,,,,,,,,,,,,,,,,,,,,,,,,,,
,,,20.1,,,,,,,,,,,,,,,,,,,,,,,,,,,,,,,,,,,,,,,,,,,,,,,,,,,,,,,,,,,,,,,,,,,,,,,,,,,,,,,,
,,,21.1,,,,,,,,,,,,,,,,,,,,,,,,,,,,,,,,,,,,,,,,,,,,,,,,,,,,,,,,,,,,,,,,,,,,,,,,,,,,,,,,
,,,22.1,,,,,,,,,,,,,,,,,,,,,,,,,,,,,,,,,,,,,,,,,,,,,,,,,,,,,,,,,,,,,,,,,,,,,,,,,,,,,,,,
,,,23.1,,,,,,,,,,,,,,,,,,,,,,,,,,,,,,,,,,,,,,,,,,,,,,,,,,,,,,,,,,,,,,,,,,,,,,,,,,,,,,,,
,,,24.1,,,,,,,,,,,,,,,,,,,,,,,,,,,,,,,,,,,,,,,,,,,,,,,,,,,,,,,,,,,,,,,,,,,,,,,,,,,,,,,,
,,,25.1,,,,,,,,,,,,,,,,,,,,,,,,,,,,,,,,,,,,,,,,,,,,,,,,,,,,,,,,,,,,,,,,,,,,,,,,,,,,,,,,
,,,26.1,,,,,,,,,,,,,,,,,,,,,,,,,,,,,,,,,,,,,,,,,,,,,,,,,,,,,,,,,,,,,,,,,,,,,,,,,,,,,,,,
,,,27.1,,,,,,,,,,,,,,,,,,,,,,,,,,,,,,,,,,,,,,,,,,,,,,,,,,,,,,,,,,,,,,,,,,,,,,,,,,,,,,,,
,,,28.1,,,,,,,,,,,,,,,,,,,,,,,,,,,,,,,,,,,,,,,,,,,,,,,,,,,,,,,,,,,,,,,,,,,,,,,,,,,,,,,,
,,,29.1,,,,,,,,,,,,,,,,,,,,,,,,,,,,,,,,,,,,,,,,,,,,,,,,,,,,,,,,,,,,,,,,,,,,,,,,,,,,,,,,
,,,30.1,,,,,,,,,,,,,,,,,,,,,,,,,,,,,,,,,,,,,,,,,,,,,,,,,,,,,,,,,,,,,,,,,,,,,,,,,,,,,,,,
,,,31.1,,,,,,,,,,,,,,,,,,,,,,,,,,,,,,,,,,,,,,,,,,,,,,,,,,,,,,,,,,,,,,,,,,,,,,,,,,,,,,,,
,,,32.1,,,,,,,,,,,,,,,,,,,,,,,,,,,,,,,,,,,,,,,,,,,,,,,,,,,,,,,,,,,,,,,,,,,,,,,,,,,,,,,,
,,,33.1,,,,,,,,,,,,,,,,,,,,,,,,,,,,,,,,,,,,,,,,,,,,,,,,,,,,,,,,,,,,,,,,,,,,,,,,,,,,,,,,
,,,34.1,,,,,,,,,,,,,,,,,,,,,,,,,,,,,,,,,,,,,,,,,,,,,,,,,,,,,,,,,,,,,,,,,,,,,,,,,,,,,,,,
,,,35.1,,,,,,,,,,,,,,,,,,,,,,,,,,,,,,,,,,,,,,,,,,,,,,,,,,,,,,,,,,,,,,,,,,,,,,,,,,,,,,,,
,,,36.1,,,,,,,,,,,,,,,,,,,,,,,,,,,,,,,,,,,,,,,,,,,,,,,,,,,,,,,,,,,,,,,,,,,,,,,,,,,,,,,,
,,,37.1,,,,,,,,,,,,,,,,,,,,,,,,,,,,,,,,,,,,,,,,,,,,,,,,,,,,,,,,,,,,,,,,,,,,,,,,,,,,,,,,
,,,38.1,,,,,,,,,,,,,,,,,,,,,,,,,,,,,,,,,,,,,,,,,,,,,,,,,,,,,,,,,,,,,,,,,,,,,,,,,,,,,,,,
,,,39.1,,,,,,,,,,,,,,,,,,,,,,,,,,,,,,,,,,,,,,,,,,,,,,,,,,,,,,,,,,,,,,,,,,,,,,,,,,,,,,,,
,,,40.1,,,,,,,,,,,,,,,,,,,,,,,,,,,,,,,,,,,,,,,,,,,,,,,,,,,,,,,,,,,,,,,,,,,,,,,,,,,,,,,,